bundle,name,prefix,action,part,set_id,direction,frame,offset_x,offset_y,draw_x_formula,draw_y_formula,has_embedded_texture,width,height,texture_format,sprite_pivot_x,sprite_pivot_y,pixels_per_unit
shirt_m_checks,h_std_ls_2100_0_0,h,std,ls,2100,0,0,-16,47,-offset_x,-offset_y,True,6,21,4,0.5,0.5,100.0
shirt_m_checks,h_std_ls_2100_1_0,h,std,ls,2100,1,0,-27,44,-offset_x,-offset_y,True,10,21,4,0.5,0.5,100.0
shirt_m_checks,h_std_ch_2100_7_0,h,std,ch,2100,7,0,-22,46,-offset_x,-offset_y,True,23,33,4,0.5,0.5,100.0
shirt_m_checks,h_std_ch_2100_1_0,h,std,ch,2100,1,0,-23,47,-offset_x,-offset_y,True,18,33,4,0.5,0.5,100.0
shirt_m_checks,h_std_ch_2100_0_0,h,std,ch,2100,0,0,-20,48,-offset_x,-offset_y,True,23,36,4,0.5,0.5,100.0
shirt_m_checks,h_std_ch_2100_3_0,h,std,ch,2100,3,0,-22,49,-offset_x,-offset_y,True,23,35,4,0.5,0.5,100.0
shirt_m_checks,h_std_rs_2100_3_0,h,std,rs,2100,3,0,-16,48,-offset_x,-offset_y,True,9,24,4,0.5,0.5,100.0
shirt_m_checks,h_std_ls_2100_3_0,h,std,ls,2100,3,0,-42,48,-offset_x,-offset_y,True,9,24,4,0.5,0.5,100.0
shirt_m_checks,h_std_ls_2100_2_0,h,std,ls,2100,2,0,-45,47,-offset_x,-offset_y,True,4,19,4,0.5,0.5,100.0
shirt_m_checks,h_std_ch_2100_2_0,h,std,ch,2100,2,0,-21,48,-offset_x,-offset_y,True,24,34,4,0.5,0.5,100.0
shirt_m_checks,h_std_rs_2100_2_0,h,std,rs,2100,2,0,-18,46,-offset_x,-offset_y,True,10,24,4,0.5,0.5,100.0
shirt_m_checks,h_std_rs_2100_1_0,h,std,rs,2100,1,0,-27,42,-offset_x,-offset_y,True,10,22,4,0.5,0.5,100.0
shirt_m_checks,h_std_rs_2100_0_0,h,std,rs,2100,0,0,-37,43,-offset_x,-offset_y,True,10,25,4,0.5,0.5,100.0
shirt_m_checks,h_std_rs_2100_7_0,h,std,rs,2100,7,0,-42,45,-offset_x,-offset_y,True,9,24,4,0.5,0.5,100.0
shirt_m_checks,h_std_ls_2100_7_0,h,std,ls,2100,7,0,-16,45,-offset_x,-offset_y,True,9,24,4,0.5,0.5,100.0
shirt_m_checks,h_std_ls_2101_0_0,h,std,ls,2101,0,0,-18,46,-offset_x,-offset_y,True,3,19,4,0.5,0.5,100.0
shirt_m_checks,h_std_ls_2101_1_0,h,std,ls,2101,1,0,-27,41,-offset_x,-offset_y,True,9,18,4,0.5,0.5,100.0
shirt_m_checks,h_std_rs_2101_3_0,h,std,rs,2101,3,0,-17,48,-offset_x,-offset_y,True,8,23,4,0.5,0.5,100.0
shirt_m_checks,h_std_ls_2101_3_0,h,std,ls,2101,3,0,-42,48,-offset_x,-offset_y,True,8,23,4,0.5,0.5,100.0
shirt_m_checks,h_std_ls_2101_2_0,h,std,ls,2101,2,0,-45,46,-offset_x,-offset_y,True,3,17,4,0.5,0.5,100.0
shirt_m_checks,h_std_rs_2101_2_0,h,std,rs,2101,2,0,-19,45,-offset_x,-offset_y,True,9,22,4,0.5,0.5,100.0
shirt_m_checks,h_std_rs_2101_1_0,h,std,rs,2101,1,0,-27,41,-offset_x,-offset_y,True,9,20,4,0.5,0.5,100.0
shirt_m_checks,h_std_rs_2101_0_0,h,std,rs,2101,0,0,-37,43,-offset_x,-offset_y,True,9,24,4,0.5,0.5,100.0
shirt_m_checks,h_std_rs_2101_7_0,h,std,rs,2101,7,0,-42,44,-offset_x,-offset_y,True,8,22,4,0.5,0.5,100.0
shirt_m_checks,h_std_ls_2101_7_0,h,std,ls,2101,7,0,-17,44,-offset_x,-offset_y,True,8,22,4,0.5,0.5,100.0
shirt_m_checks,h_std_ch_2101_7_0,h,std,ch,2101,7,0,-22,45,-offset_x,-offset_y,True,23,31,4,0.5,0.5,100.0
shirt_m_checks,h_std_ch_2101_1_0,h,std,ch,2101,1,0,-24,46,-offset_x,-offset_y,True,16,31,4,0.5,0.5,100.0
shirt_m_checks,h_std_ch_2101_0_0,h,std,ch,2101,0,0,-20,47,-offset_x,-offset_y,True,22,34,4,0.5,0.5,100.0
shirt_m_checks,h_std_ch_2101_3_0,h,std,ch,2101,3,0,-22,48,-offset_x,-offset_y,True,23,33,4,0.5,0.5,100.0
shirt_m_checks,h_std_ch_2101_2_0,h,std,ch,2101,2,0,-22,47,-offset_x,-offset_y,True,23,32,4,0.5,0.5,100.0
shirt_m_checks,h_wlk_ls_2100_0_0,h,wlk,ls,2100,0,0,-16,48,-offset_x,-offset_y,True,6,22,4,0.5,0.5,100.0
shirt_m_checks,h_wlk_ls_2100_0_1,h,wlk,ls,2100,0,1,-17,47,-offset_x,-offset_y,True,8,21,4,0.5,0.5,100.0
shirt_m_checks,h_wlk_ls_2100_0_2,h,wlk,ls,2100,0,2,-16,47,-offset_x,-offset_y,True,6,21,4,0.5,0.5,100.0
shirt_m_checks,h_wlk_ls_2100_0_3,h,wlk,ls,2100,0,3,-14,47,-offset_x,-offset_y,True,8,21,4,0.5,0.5,100.0
shirt_m_checks,h_wlk_rs_2100_0_0,h,wlk,rs,2100,0,0,-36,43,-offset_x,-offset_y,True,11,24,4,0.5,0.5,100.0
shirt_m_checks,h_wlk_rs_2100_0_1,h,wlk,rs,2100,0,1,-34,43,-offset_x,-offset_y,True,11,24,4,0.5,0.5,100.0
shirt_m_checks,h_wlk_rs_2100_0_2,h,wlk,rs,2100,0,2,-36,44,-offset_x,-offset_y,True,10,25,4,0.5,0.5,100.0
shirt_m_checks,h_wlk_rs_2100_0_3,h,wlk,rs,2100,0,3,-36,43,-offset_x,-offset_y,True,13,22,4,0.5,0.5,100.0
shirt_m_checks,h_wlk_ls_2100_2_0,h,wlk,ls,2100,2,0,-43,48,-offset_x,-offset_y,True,5,21,4,0.5,0.5,100.0
shirt_m_checks,h_wlk_ls_2100_2_1,h,wlk,ls,2100,2,1,-43,48,-offset_x,-offset_y,True,9,22,4,0.5,0.5,100.0
shirt_m_checks,h_wlk_ls_2100_2_2,h,wlk,ls,2100,2,2,-43,48,-offset_x,-offset_y,True,5,21,4,0.5,0.5,100.0
shirt_m_checks,h_wlk_ls_2100_2_3,h,wlk,ls,2100,2,3,-42,48,-offset_x,-offset_y,True,5,15,4,0.5,0.5,100.0
shirt_m_checks,h_wlk_rs_2100_2_0,h,wlk,rs,2100,2,0,-17,46,-offset_x,-offset_y,True,11,24,4,0.5,0.5,100.0
shirt_m_checks,h_wlk_rs_2100_2_1,h,wlk,rs,2100,2,1,-15,46,-offset_x,-offset_y,True,13,24,4,0.5,0.5,100.0
shirt_m_checks,h_wlk_rs_2100_2_2,h,wlk,rs,2100,2,2,-17,46,-offset_x,-offset_y,True,11,24,4,0.5,0.5,100.0
shirt_m_checks,h_wlk_rs_2100_2_3,h,wlk,rs,2100,2,3,-19,46,-offset_x,-offset_y,True,13,25,4,0.5,0.5,100.0
shirt_m_checks,h_wlk_ls_2100_1_0,h,wlk,ls,2100,1,0,-26,44,-offset_x,-offset_y,True,10,21,4,0.5,0.5,100.0
shirt_m_checks,h_wlk_ls_2100_1_1,h,wlk,ls,2100,1,1,-27,44,-offset_x,-offset_y,True,14,21,4,0.5,0.5,100.0
shirt_m_checks,h_wlk_ls_2100_1_2,h,wlk,ls,2100,1,2,-26,44,-offset_x,-offset_y,True,10,21,4,0.5,0.5,100.0
shirt_m_checks,h_wlk_ls_2100_1_3,h,wlk,ls,2100,1,3,-21,44,-offset_x,-offset_y,True,13,20,4,0.5,0.5,100.0
shirt_m_checks,h_wlk_rs_2100_1_0,h,wlk,rs,2100,1,0,-26,42,-offset_x,-offset_y,True,10,21,4,0.5,0.5,100.0
shirt_m_checks,h_wlk_rs_2100_1_1,h,wlk,rs,2100,1,1,-21,43,-offset_x,-offset_y,True,13,22,4,0.5,0.5,100.0
shirt_m_checks,h_wlk_rs_2100_1_2,h,wlk,rs,2100,1,2,-26,42,-offset_x,-offset_y,True,10,21,4,0.5,0.5,100.0
shirt_m_checks,h_wlk_rs_2100_1_3,h,wlk,rs,2100,1,3,-27,42,-offset_x,-offset_y,True,14,21,4,0.5,0.5,100.0
shirt_m_checks,h_wlk_rs_2100_3_0,h,wlk,rs,2100,3,0,-16,48,-offset_x,-offset_y,True,9,23,4,0.5,0.5,100.0
shirt_m_checks,h_wlk_rs_2100_3_1,h,wlk,rs,2100,3,1,-16,49,-offset_x,-offset_y,True,9,23,4,0.5,0.5,100.0
shirt_m_checks,h_wlk_rs_2100_3_2,h,wlk,rs,2100,3,2,-16,48,-offset_x,-offset_y,True,9,23,4,0.5,0.5,100.0
shirt_m_checks,h_wlk_rs_2100_3_3,h,wlk,rs,2100,3,3,-16,48,-offset_x,-offset_y,True,9,23,4,0.5,0.5,100.0
shirt_m_checks,h_wlk_ls_2100_3_0,h,wlk,ls,2100,3,0,-42,49,-offset_x,-offset_y,True,9,24,4,0.5,0.5,100.0
shirt_m_checks,h_wlk_ls_2100_3_1,h,wlk,ls,2100,3,1,-42,49,-offset_x,-offset_y,True,9,24,4,0.5,0.5,100.0
shirt_m_checks,h_wlk_ls_2100_3_2,h,wlk,ls,2100,3,2,-42,49,-offset_x,-offset_y,True,9,24,4,0.5,0.5,100.0
shirt_m_checks,h_wlk_ls_2100_3_3,h,wlk,ls,2100,3,3,-42,49,-offset_x,-offset_y,True,9,23,4,0.5,0.5,100.0
shirt_m_checks,h_wlk_rs_2100_7_0,h,wlk,rs,2100,7,0,-42,45,-offset_x,-offset_y,True,9,24,4,0.5,0.5,100.0
shirt_m_checks,h_wlk_rs_2100_7_1,h,wlk,rs,2100,7,1,-42,45,-offset_x,-offset_y,True,9,24,4,0.5,0.5,100.0
shirt_m_checks,h_wlk_rs_2100_7_2,h,wlk,rs,2100,7,2,-42,45,-offset_x,-offset_y,True,9,24,4,0.5,0.5,100.0
shirt_m_checks,h_wlk_rs_2100_7_3,h,wlk,rs,2100,7,3,-42,46,-offset_x,-offset_y,True,8,23,4,0.5,0.5,100.0
shirt_m_checks,h_wlk_ls_2100_7_0,h,wlk,ls,2100,7,0,-16,45,-offset_x,-offset_y,True,9,24,4,0.5,0.5,100.0
shirt_m_checks,h_wlk_ls_2100_7_1,h,wlk,ls,2100,7,1,-17,46,-offset_x,-offset_y,True,8,23,4,0.5,0.5,100.0
shirt_m_checks,h_wlk_ls_2100_7_2,h,wlk,ls,2100,7,2,-16,45,-offset_x,-offset_y,True,9,24,4,0.5,0.5,100.0
shirt_m_checks,h_wlk_ls_2100_7_3,h,wlk,ls,2100,7,3,-16,45,-offset_x,-offset_y,True,9,24,4,0.5,0.5,100.0
shirt_m_checks,h_wlk_ls_2101_0_0,h,wlk,ls,2101,0,0,-17,47,-offset_x,-offset_y,True,5,20,4,0.5,0.5,100.0
shirt_m_checks,h_wlk_ls_2101_0_1,h,wlk,ls,2101,0,1,-18,47,-offset_x,-offset_y,True,7,20,4,0.5,0.5,100.0
shirt_m_checks,h_wlk_ls_2101_0_2,h,wlk,ls,2101,0,2,-17,47,-offset_x,-offset_y,True,4,20,4,0.5,0.5,100.0
shirt_m_checks,h_wlk_ls_2101_0_3,h,wlk,ls,2101,0,3,-15,47,-offset_x,-offset_y,True,7,20,4,0.5,0.5,100.0
shirt_m_checks,h_wlk_rs_2101_0_0,h,wlk,rs,2101,0,0,-37,42,-offset_x,-offset_y,True,9,22,4,0.5,0.5,100.0
shirt_m_checks,h_wlk_rs_2101_0_1,h,wlk,rs,2101,0,1,-35,42,-offset_x,-offset_y,True,9,22,4,0.5,0.5,100.0
shirt_m_checks,h_wlk_rs_2101_0_2,h,wlk,rs,2101,0,2,-36,43,-offset_x,-offset_y,True,9,23,4,0.5,0.5,100.0
shirt_m_checks,h_wlk_rs_2101_0_3,h,wlk,rs,2101,0,3,-37,42,-offset_x,-offset_y,True,11,20,4,0.5,0.5,100.0
shirt_m_checks,h_wlk_ls_2101_2_0,h,wlk,ls,2101,2,0,-43,47,-offset_x,-offset_y,True,4,19,4,0.5,0.5,100.0
shirt_m_checks,h_wlk_ls_2101_2_1,h,wlk,ls,2101,2,1,-43,47,-offset_x,-offset_y,True,8,20,4,0.5,0.5,100.0
shirt_m_checks,h_wlk_ls_2101_2_2,h,wlk,ls,2101,2,2,-43,47,-offset_x,-offset_y,True,4,18,4,0.5,0.5,100.0
shirt_m_checks,h_wlk_ls_2101_2_3,h,wlk,ls,2101,2,3,-42,47,-offset_x,-offset_y,True,4,13,4,0.5,0.5,100.0
shirt_m_checks,h_wlk_rs_2101_2_0,h,wlk,rs,2101,2,0,-18,45,-offset_x,-offset_y,True,10,22,4,0.5,0.5,100.0
shirt_m_checks,h_wlk_rs_2101_2_1,h,wlk,rs,2101,2,1,-16,45,-offset_x,-offset_y,True,12,22,4,0.5,0.5,100.0
shirt_m_checks,h_wlk_rs_2101_2_2,h,wlk,rs,2101,2,2,-18,45,-offset_x,-offset_y,True,10,22,4,0.5,0.5,100.0
shirt_m_checks,h_wlk_rs_2101_2_3,h,wlk,rs,2101,2,3,-20,45,-offset_x,-offset_y,True,11,23,4,0.5,0.5,100.0
shirt_m_checks,h_wlk_ls_2101_1_0,h,wlk,ls,2101,1,0,-27,43,-offset_x,-offset_y,True,9,19,4,0.5,0.5,100.0
shirt_m_checks,h_wlk_ls_2101_1_1,h,wlk,ls,2101,1,1,-27,43,-offset_x,-offset_y,True,13,19,4,0.5,0.5,100.0
shirt_m_checks,h_wlk_ls_2101_1_2,h,wlk,ls,2101,1,2,-27,43,-offset_x,-offset_y,True,9,19,4,0.5,0.5,100.0
shirt_m_checks,h_wlk_ls_2101_1_3,h,wlk,ls,2101,1,3,-22,44,-offset_x,-offset_y,True,12,19,4,0.5,0.5,100.0
shirt_m_checks,h_wlk_rs_2101_1_0,h,wlk,rs,2101,1,0,-27,41,-offset_x,-offset_y,True,9,19,4,0.5,0.5,100.0
shirt_m_checks,h_wlk_rs_2101_1_1,h,wlk,rs,2101,1,1,-22,43,-offset_x,-offset_y,True,12,21,4,0.5,0.5,100.0
shirt_m_checks,h_wlk_rs_2101_1_2,h,wlk,rs,2101,1,2,-27,41,-offset_x,-offset_y,True,9,19,4,0.5,0.5,100.0
shirt_m_checks,h_wlk_rs_2101_1_3,h,wlk,rs,2101,1,3,-27,41,-offset_x,-offset_y,True,13,19,4,0.5,0.5,100.0
shirt_m_checks,h_wlk_rs_2101_3_0,h,wlk,rs,2101,3,0,-17,48,-offset_x,-offset_y,True,8,22,4,0.5,0.5,100.0
shirt_m_checks,h_wlk_rs_2101_3_1,h,wlk,rs,2101,3,1,-17,48,-offset_x,-offset_y,True,8,21,4,0.5,0.5,100.0
shirt_m_checks,h_wlk_rs_2101_3_2,h,wlk,rs,2101,3,2,-17,48,-offset_x,-offset_y,True,8,22,4,0.5,0.5,100.0
shirt_m_checks,h_wlk_rs_2101_3_3,h,wlk,rs,2101,3,3,-17,48,-offset_x,-offset_y,True,8,21,4,0.5,0.5,100.0
shirt_m_checks,h_wlk_ls_2101_3_0,h,wlk,ls,2101,3,0,-42,48,-offset_x,-offset_y,True,8,22,4,0.5,0.5,100.0
shirt_m_checks,h_wlk_ls_2101_3_1,h,wlk,ls,2101,3,1,-42,48,-offset_x,-offset_y,True,8,21,4,0.5,0.5,100.0
shirt_m_checks,h_wlk_ls_2101_3_2,h,wlk,ls,2101,3,2,-42,48,-offset_x,-offset_y,True,8,22,4,0.5,0.5,100.0
shirt_m_checks,h_wlk_ls_2101_3_3,h,wlk,ls,2101,3,3,-42,48,-offset_x,-offset_y,True,8,21,4,0.5,0.5,100.0
shirt_m_checks,h_wlk_rs_2101_7_0,h,wlk,rs,2101,7,0,-42,45,-offset_x,-offset_y,True,8,23,4,0.5,0.5,100.0
shirt_m_checks,h_wlk_rs_2101_7_1,h,wlk,rs,2101,7,1,-42,45,-offset_x,-offset_y,True,8,23,4,0.5,0.5,100.0
shirt_m_checks,h_wlk_rs_2101_7_2,h,wlk,rs,2101,7,2,-42,45,-offset_x,-offset_y,True,8,23,4,0.5,0.5,100.0
shirt_m_checks,h_wlk_rs_2101_7_3,h,wlk,rs,2101,7,3,-42,45,-offset_x,-offset_y,True,7,21,4,0.5,0.5,100.0
shirt_m_checks,h_wlk_ls_2101_7_0,h,wlk,ls,2101,7,0,-17,45,-offset_x,-offset_y,True,8,23,4,0.5,0.5,100.0
shirt_m_checks,h_wlk_ls_2101_7_1,h,wlk,ls,2101,7,1,-18,45,-offset_x,-offset_y,True,7,21,4,0.5,0.5,100.0
shirt_m_checks,h_wlk_ls_2101_7_2,h,wlk,ls,2101,7,2,-17,45,-offset_x,-offset_y,True,8,23,4,0.5,0.5,100.0
shirt_m_checks,h_wlk_ls_2101_7_3,h,wlk,ls,2101,7,3,-17,45,-offset_x,-offset_y,True,8,23,4,0.5,0.5,100.0
shirt_m_checks,h_wav_ls_2100_0_0,h,wav,ls,2100,0,0,-11,62,-offset_x,-offset_y,True,13,24,4,0.5,0.5,100.0
shirt_m_checks,h_wav_ls_2100_0_1,h,wav,ls,2100,0,1,-8,60,-offset_x,-offset_y,True,16,22,4,0.5,0.5,100.0
shirt_m_checks,h_wav_ls_2100_1_0,h,wav,ls,2100,1,0,-30,64,-offset_x,-offset_y,True,14,22,4,0.5,0.5,100.0
shirt_m_checks,h_wav_ls_2100_1_1,h,wav,ls,2100,1,1,-30,64,-offset_x,-offset_y,True,14,22,4,0.5,0.5,100.0
shirt_m_checks,h_wav_ls_2100_2_0,h,wav,ls,2100,2,0,-40,61,-offset_x,-offset_y,True,15,23,4,0.5,0.5,100.0
shirt_m_checks,h_wav_ls_2100_2_1,h,wav,ls,2100,2,1,-40,61,-offset_x,-offset_y,True,16,23,4,0.5,0.5,100.0
shirt_m_checks,h_wav_ls_2100_3_0,h,wav,ls,2100,3,0,-42,61,-offset_x,-offset_y,True,15,26,4,0.5,0.5,100.0
shirt_m_checks,h_wav_ls_2100_3_1,h,wav,ls,2100,3,1,-42,61,-offset_x,-offset_y,True,16,26,4,0.5,0.5,100.0
shirt_m_checks,h_wav_ls_2100_4_0,h,wav,ls,2100,4,0,-40,58,-offset_x,-offset_y,True,17,24,4,0.5,0.5,100.0
shirt_m_checks,h_wav_ls_2100_4_1,h,wav,ls,2100,4,1,-40,57,-offset_x,-offset_y,True,16,23,4,0.5,0.5,100.0
shirt_m_checks,h_wav_ls_2100_5_0,h,wav,ls,2100,5,0,-21,61,-offset_x,-offset_y,True,18,25,4,0.5,0.5,100.0
shirt_m_checks,h_wav_ls_2100_5_1,h,wav,ls,2100,5,1,-22,61,-offset_x,-offset_y,True,17,25,4,0.5,0.5,100.0
shirt_m_checks,h_wav_ls_2100_6_0,h,wav,ls,2100,6,0,-11,56,-offset_x,-offset_y,True,19,23,4,0.5,0.5,100.0
shirt_m_checks,h_wav_ls_2100_6_1,h,wav,ls,2100,6,1,-8,57,-offset_x,-offset_y,True,22,24,4,0.5,0.5,100.0
shirt_m_checks,h_wav_ls_2100_7_0,h,wav,ls,2100,7,0,-12,60,-offset_x,-offset_y,True,15,25,4,0.5,0.5,100.0
shirt_m_checks,h_wav_ls_2100_7_1,h,wav,ls,2100,7,1,-9,60,-offset_x,-offset_y,True,18,25,4,0.5,0.5,100.0
shirt_m_checks,h_wav_ls_2101_0_0,h,wav,ls,2101,0,0,-12,61,-offset_x,-offset_y,True,12,23,4,0.5,0.5,100.0
shirt_m_checks,h_wav_ls_2101_0_1,h,wav,ls,2101,0,1,-9,59,-offset_x,-offset_y,True,15,21,4,0.5,0.5,100.0
shirt_m_checks,h_wav_ls_2101_1_0,h,wav,ls,2101,1,0,-32,63,-offset_x,-offset_y,True,11,21,4,0.5,0.5,100.0
shirt_m_checks,h_wav_ls_2101_1_1,h,wav,ls,2101,1,1,-32,63,-offset_x,-offset_y,True,11,21,4,0.5,0.5,100.0
shirt_m_checks,h_wav_ls_2101_2_0,h,wav,ls,2101,2,0,-40,60,-offset_x,-offset_y,True,14,21,4,0.5,0.5,100.0
shirt_m_checks,h_wav_ls_2101_2_1,h,wav,ls,2101,2,1,-40,60,-offset_x,-offset_y,True,15,21,4,0.5,0.5,100.0
shirt_m_checks,h_wav_ls_2101_3_0,h,wav,ls,2101,3,0,-42,60,-offset_x,-offset_y,True,14,23,4,0.5,0.5,100.0
shirt_m_checks,h_wav_ls_2101_3_1,h,wav,ls,2101,3,1,-42,60,-offset_x,-offset_y,True,15,23,4,0.5,0.5,100.0
shirt_m_checks,h_wav_ls_2101_4_0,h,wav,ls,2101,4,0,-40,56,-offset_x,-offset_y,True,16,21,4,0.5,0.5,100.0
shirt_m_checks,h_wav_ls_2101_4_1,h,wav,ls,2101,4,1,-40,56,-offset_x,-offset_y,True,15,21,4,0.5,0.5,100.0
shirt_m_checks,h_wav_ls_2101_5_0,h,wav,ls,2101,5,0,-22,60,-offset_x,-offset_y,True,16,24,4,0.5,0.5,100.0
shirt_m_checks,h_wav_ls_2101_5_1,h,wav,ls,2101,5,1,-23,60,-offset_x,-offset_y,True,15,24,4,0.5,0.5,100.0
shirt_m_checks,h_wav_ls_2101_6_0,h,wav,ls,2101,6,0,-12,55,-offset_x,-offset_y,True,18,22,4,0.5,0.5,100.0
shirt_m_checks,h_wav_ls_2101_6_1,h,wav,ls,2101,6,1,-9,56,-offset_x,-offset_y,True,21,23,4,0.5,0.5,100.0
shirt_m_checks,h_wav_ls_2101_7_0,h,wav,ls,2101,7,0,-13,59,-offset_x,-offset_y,True,14,24,4,0.5,0.5,100.0
shirt_m_checks,h_wav_ls_2101_7_1,h,wav,ls,2101,7,1,-10,59,-offset_x,-offset_y,True,17,24,4,0.5,0.5,100.0
shirt_m_checks,h_lay_ls_2100_2_0,h,lay,ls,2100,2,0,-11,24,-offset_x,-offset_y,True,21,12,4,0.5,0.5,100.0
shirt_m_checks,h_lay_ch_2100_2_0,h,lay,ch,2100,2,0,3,23,-offset_x,-offset_y,True,39,27,4,0.5,0.5,100.0
shirt_m_checks,h_lay_rs_2100_2_0,h,lay,rs,2100,2,0,4,15,-offset_x,-offset_y,True,18,17,4,0.5,0.5,100.0
shirt_m_checks,h_lay_ls_2101_2_0,h,lay,ls,2101,2,0,-12,23,-offset_x,-offset_y,True,19,9,4,0.5,0.5,100.0
shirt_m_checks,h_lay_ch_2101_2_0,h,lay,ch,2101,2,0,2,23,-offset_x,-offset_y,True,37,26,4,0.5,0.5,100.0
shirt_m_checks,h_lay_rs_2101_2_0,h,lay,rs,2101,2,0,3,15,-offset_x,-offset_y,True,16,16,4,0.5,0.5,100.0
shirt_m_checks,h_drk_rs_2100_4_0,h,drk,rs,2100,4,0,-11,47,-offset_x,-offset_y,True,13,16,4,0.5,0.5,100.0
shirt_m_checks,h_drk_rs_2100_3_0,h,drk,rs,2100,3,0,-17,48,-offset_x,-offset_y,True,15,19,4,0.5,0.5,100.0
shirt_m_checks,h_drk_rs_2100_7_0,h,drk,rs,2100,7,0,-40,47,-offset_x,-offset_y,True,9,13,4,0.5,0.5,100.0
shirt_m_checks,h_drk_rs_2100_6_0,h,drk,rs,2100,6,0,-23,49,-offset_x,-offset_y,True,26,12,4,0.5,0.5,100.0
shirt_m_checks,h_drk_rs_2100_5_0,h,drk,rs,2100,5,0,-12,45,-offset_x,-offset_y,True,24,11,4,0.5,0.5,100.0
shirt_m_checks,h_drk_rs_2100_1_0,h,drk,rs,2100,1,0,-28,46,-offset_x,-offset_y,True,23,13,4,0.5,0.5,100.0
shirt_m_checks,h_drk_rs_2100_2_0,h,drk,rs,2100,2,0,-23,45,-offset_x,-offset_y,True,23,16,4,0.5,0.5,100.0
shirt_m_checks,h_drk_rs_2100_0_0,h,drk,rs,2100,0,0,-36,50,-offset_x,-offset_y,True,18,18,4,0.5,0.5,100.0
shirt_m_checks,h_drk_rs_2101_4_0,h,drk,rs,2101,4,0,-12,46,-offset_x,-offset_y,True,12,14,4,0.5,0.5,100.0
shirt_m_checks,h_drk_rs_2101_3_0,h,drk,rs,2101,3,0,-18,48,-offset_x,-offset_y,True,13,18,4,0.5,0.5,100.0
shirt_m_checks,h_drk_rs_2101_7_0,h,drk,rs,2101,7,0,-40,46,-offset_x,-offset_y,True,8,11,4,0.5,0.5,100.0
shirt_m_checks,h_drk_rs_2101_6_0,h,drk,rs,2101,6,0,-24,48,-offset_x,-offset_y,True,24,10,4,0.5,0.5,100.0
shirt_m_checks,h_drk_rs_2101_5_0,h,drk,rs,2101,5,0,-13,44,-offset_x,-offset_y,True,23,10,4,0.5,0.5,100.0
shirt_m_checks,h_drk_rs_2101_1_0,h,drk,rs,2101,1,0,-28,45,-offset_x,-offset_y,True,22,12,4,0.5,0.5,100.0
shirt_m_checks,h_drk_rs_2101_2_0,h,drk,rs,2101,2,0,-23,45,-offset_x,-offset_y,True,22,15,4,0.5,0.5,100.0
shirt_m_checks,h_drk_rs_2101_0_0,h,drk,rs,2101,0,0,-36,49,-offset_x,-offset_y,True,17,17,4,0.5,0.5,100.0
shirt_m_checks,h_crr_rs_2100_7_0,h,crr,rs,2100,7,0,-42,45,-offset_x,-offset_y,True,9,20,4,0.5,0.5,100.0
shirt_m_checks,h_crr_ls_2100_7_0,h,crr,ls,2100,7,0,-16,45,-offset_x,-offset_y,True,9,20,4,0.5,0.5,100.0
shirt_m_checks,h_crr_rs_2100_6_0,h,crr,rs,2100,6,0,-45,47,-offset_x,-offset_y,True,6,21,4,0.5,0.5,100.0
shirt_m_checks,h_crr_ls_2100_6_0,h,crr,ls,2100,6,0,-16,43,-offset_x,-offset_y,True,15,22,4,0.5,0.5,100.0
shirt_m_checks,h_crr_ls_2100_5_0,h,crr,ls,2100,5,0,-25,45,-offset_x,-offset_y,True,14,22,4,0.5,0.5,100.0
shirt_m_checks,h_crr_rs_2100_5_0,h,crr,rs,2100,5,0,-25,42,-offset_x,-offset_y,True,14,18,4,0.5,0.5,100.0
shirt_m_checks,h_crr_rs_2100_4_0,h,crr,rs,2100,4,0,-16,48,-offset_x,-offset_y,True,8,22,4,0.5,0.5,100.0
shirt_m_checks,h_crr_ls_2100_4_0,h,crr,ls,2100,4,0,-35,48,-offset_x,-offset_y,True,13,27,4,0.5,0.5,100.0
shirt_m_checks,h_crr_rs_2100_3_0,h,crr,rs,2100,3,0,-17,48,-offset_x,-offset_y,True,8,24,4,0.5,0.5,100.0
shirt_m_checks,h_crr_ls_2100_3_0,h,crr,ls,2100,3,0,-42,48,-offset_x,-offset_y,True,8,24,4,0.5,0.5,100.0
shirt_m_checks,h_crr_rs_2100_2_0,h,crr,rs,2100,2,0,-18,47,-offset_x,-offset_y,True,13,26,4,0.5,0.5,100.0
shirt_m_checks,h_crr_ls_2100_2_0,h,crr,ls,2100,2,0,-43,47,-offset_x,-offset_y,True,8,22,4,0.5,0.5,100.0
shirt_m_checks,h_crr_rs_2100_1_0,h,crr,rs,2100,1,0,-27,41,-offset_x,-offset_y,True,14,19,4,0.5,0.5,100.0
shirt_m_checks,h_crr_ls_2100_1_0,h,crr,ls,2100,1,0,-27,44,-offset_x,-offset_y,True,14,19,4,0.5,0.5,100.0
shirt_m_checks,h_crr_rs_2100_0_0,h,crr,rs,2100,0,0,-37,43,-offset_x,-offset_y,True,15,22,4,0.5,0.5,100.0
shirt_m_checks,h_crr_ls_2100_0_0,h,crr,ls,2100,0,0,-17,47,-offset_x,-offset_y,True,5,19,4,0.5,0.5,100.0
shirt_m_checks,h_crr_rs_2101_7_0,h,crr,rs,2101,7,0,-42,44,-offset_x,-offset_y,True,8,18,4,0.5,0.5,100.0
shirt_m_checks,h_crr_ls_2101_7_0,h,crr,ls,2101,7,0,-17,44,-offset_x,-offset_y,True,8,18,4,0.5,0.5,100.0
shirt_m_checks,h_crr_rs_2101_6_0,h,crr,rs,2101,6,0,-45,46,-offset_x,-offset_y,True,5,19,4,0.5,0.5,100.0
shirt_m_checks,h_crr_ls_2101_6_0,h,crr,ls,2101,6,0,-17,42,-offset_x,-offset_y,True,14,20,4,0.5,0.5,100.0
shirt_m_checks,h_crr_ls_2101_5_0,h,crr,ls,2101,5,0,-26,45,-offset_x,-offset_y,True,13,21,4,0.5,0.5,100.0
shirt_m_checks,h_crr_rs_2101_5_0,h,crr,rs,2101,5,0,-26,42,-offset_x,-offset_y,True,13,17,4,0.5,0.5,100.0
shirt_m_checks,h_crr_rs_2101_4_0,h,crr,rs,2101,4,0,-17,48,-offset_x,-offset_y,True,7,21,4,0.5,0.5,100.0
shirt_m_checks,h_crr_ls_2101_4_0,h,crr,ls,2101,4,0,-36,47,-offset_x,-offset_y,True,11,25,4,0.5,0.5,100.0
shirt_m_checks,h_crr_rs_2101_3_0,h,crr,rs,2101,3,0,-18,47,-offset_x,-offset_y,True,7,20,4,0.5,0.5,100.0
shirt_m_checks,h_crr_ls_2101_3_0,h,crr,ls,2101,3,0,-42,47,-offset_x,-offset_y,True,7,20,4,0.5,0.5,100.0
shirt_m_checks,h_crr_rs_2101_2_0,h,crr,rs,2101,2,0,-19,46,-offset_x,-offset_y,True,11,24,4,0.5,0.5,100.0
shirt_m_checks,h_crr_ls_2101_2_0,h,crr,ls,2101,2,0,-43,46,-offset_x,-offset_y,True,7,20,4,0.5,0.5,100.0
shirt_m_checks,h_crr_rs_2101_1_0,h,crr,rs,2101,1,0,-27,41,-offset_x,-offset_y,True,13,18,4,0.5,0.5,100.0
shirt_m_checks,h_crr_ls_2101_1_0,h,crr,ls,2101,1,0,-27,44,-offset_x,-offset_y,True,13,18,4,0.5,0.5,100.0
shirt_m_checks,h_crr_rs_2101_0_0,h,crr,rs,2101,0,0,-37,43,-offset_x,-offset_y,True,14,21,4,0.5,0.5,100.0
shirt_m_checks,h_crr_ls_2101_0_0,h,crr,ls,2101,0,0,-18,46,-offset_x,-offset_y,True,3,17,4,0.5,0.5,100.0
shirt_m_checks,sh_std_rs_2100_7_0,sh,std,rs,2100,7,0,-22,23,-offset_x,-offset_y,False,,,,,,
shirt_m_checks,sh_std_ls_2100_7_0,sh,std,ls,2100,7,0,-8,23,-offset_x,-offset_y,False,,,,,,
shirt_m_checks,sh_std_ch_2100_7_0,sh,std,ch,2100,7,0,-10,24,-offset_x,-offset_y,False,,,,,,
shirt_m_checks,sh_std_ch_2100_3_0,sh,std,ch,2100,3,0,-9,24,-offset_x,-offset_y,False,,,,,,
shirt_m_checks,sh_std_rs_2100_3_0,sh,std,rs,2100,3,0,-7,23,-offset_x,-offset_y,False,,,,,,
shirt_m_checks,sh_std_ls_2100_3_0,sh,std,ls,2100,3,0,-21,23,-offset_x,-offset_y,False,,,,,,
shirt_m_checks,sh_std_ls_2100_2_0,sh,std,ls,2100,2,0,-20,23,-offset_x,-offset_y,False,,,,,,
shirt_m_checks,sh_std_ch_2100_2_0,sh,std,ch,2100,2,0,-9,24,-offset_x,-offset_y,False,,,,,,
shirt_m_checks,sh_std_rs_2100_2_0,sh,std,rs,2100,2,0,-7,23,-offset_x,-offset_y,False,,,,,,
shirt_m_checks,sh_std_ch_2100_1_0,sh,std,ch,2100,1,0,-11,23,-offset_x,-offset_y,False,,,,,,
shirt_m_checks,sh_std_ls_2100_1_0,sh,std,ls,2100,1,0,-13,22,-offset_x,-offset_y,False,,,,,,
shirt_m_checks,sh_std_rs_2100_1_0,sh,std,rs,2100,1,0,-13,22,-offset_x,-offset_y,False,,,,,,
shirt_m_checks,sh_std_ls_2100_0_0,sh,std,ls,2100,0,0,-9,23,-offset_x,-offset_y,False,,,,,,
shirt_m_checks,sh_std_ch_2100_0_0,sh,std,ch,2100,0,0,-9,24,-offset_x,-offset_y,False,,,,,,
shirt_m_checks,sh_std_rs_2100_0_0,sh,std,rs,2100,0,0,-17,22,-offset_x,-offset_y,False,,,,,,
shirt_m_checks,sh_std_ch_2101_2_0,sh,std,ch,2101,2,0,-10,23,-offset_x,-offset_y,False,,,,,,
shirt_m_checks,sh_std_ch_2101_7_0,sh,std,ch,2101,7,0,-10,23,-offset_x,-offset_y,False,,,,,,
shirt_m_checks,sh_std_ch_2101_3_0,sh,std,ch,2101,3,0,-10,23,-offset_x,-offset_y,False,,,,,,
shirt_m_checks,sh_std_ch_2101_1_0,sh,std,ch,2101,1,0,-12,22,-offset_x,-offset_y,False,,,,,,
shirt_m_checks,sh_std_ch_2101_0_0,sh,std,ch,2101,0,0,-10,23,-offset_x,-offset_y,False,,,,,,
shirt_m_checks,sh_std_rs_2101_7_0,sh,std,rs,2101,7,0,-22,22,-offset_x,-offset_y,False,,,,,,
shirt_m_checks,sh_std_ls_2101_7_0,sh,std,ls,2101,7,0,-9,22,-offset_x,-offset_y,False,,,,,,
shirt_m_checks,sh_std_rs_2101_3_0,sh,std,rs,2101,3,0,-8,22,-offset_x,-offset_y,False,,,,,,
shirt_m_checks,sh_std_ls_2101_3_0,sh,std,ls,2101,3,0,-21,22,-offset_x,-offset_y,False,,,,,,
shirt_m_checks,sh_std_ls_2101_2_0,sh,std,ls,2101,2,0,-20,22,-offset_x,-offset_y,False,,,,,,
shirt_m_checks,sh_std_rs_2101_2_0,sh,std,rs,2101,2,0,-8,22,-offset_x,-offset_y,False,,,,,,
shirt_m_checks,sh_std_ls_2101_1_0,sh,std,ls,2101,1,0,-13,21,-offset_x,-offset_y,False,,,,,,
shirt_m_checks,sh_std_rs_2101_1_0,sh,std,rs,2101,1,0,-13,21,-offset_x,-offset_y,False,,,,,,
shirt_m_checks,sh_std_ls_2101_0_0,sh,std,ls,2101,0,0,-10,23,-offset_x,-offset_y,False,,,,,,
shirt_m_checks,sh_std_rs_2101_0_0,sh,std,rs,2101,0,0,-17,22,-offset_x,-offset_y,False,,,,,,
shirt_m_checks,sh_wlk_rs_2100_7_0,sh,wlk,rs,2100,7,0,-22,23,-offset_x,-offset_y,False,,,,,,
shirt_m_checks,sh_wlk_rs_2100_7_1,sh,wlk,rs,2100,7,1,-21,23,-offset_x,-offset_y,False,,,,,,
shirt_m_checks,sh_wlk_rs_2100_7_2,sh,wlk,rs,2100,7,2,-22,23,-offset_x,-offset_y,False,,,,,,
shirt_m_checks,sh_wlk_rs_2100_7_3,sh,wlk,rs,2100,7,3,-22,24,-offset_x,-offset_y,False,,,,,,
shirt_m_checks,sh_wlk_ls_2100_7_0,sh,wlk,ls,2100,7,0,-8,23,-offset_x,-offset_y,False,,,,,,
shirt_m_checks,sh_wlk_ls_2100_7_1,sh,wlk,ls,2100,7,1,-8,24,-offset_x,-offset_y,False,,,,,,
shirt_m_checks,sh_wlk_ls_2100_7_2,sh,wlk,ls,2100,7,2,-8,23,-offset_x,-offset_y,False,,,,,,
shirt_m_checks,sh_wlk_ls_2100_7_3,sh,wlk,ls,2100,7,3,-8,23,-offset_x,-offset_y,False,,,,,,
shirt_m_checks,sh_wlk_rs_2100_3_0,sh,wlk,rs,2100,3,0,-7,23,-offset_x,-offset_y,False,,,,,,
shirt_m_checks,sh_wlk_rs_2100_3_1,sh,wlk,rs,2100,3,1,-7,24,-offset_x,-offset_y,False,,,,,,
shirt_m_checks,sh_wlk_rs_2100_3_2,sh,wlk,rs,2100,3,2,-7,23,-offset_x,-offset_y,False,,,,,,
shirt_m_checks,sh_wlk_rs_2100_3_3,sh,wlk,rs,2100,3,3,-7,23,-offset_x,-offset_y,False,,,,,,
shirt_m_checks,sh_wlk_ls_2100_3_0,sh,wlk,ls,2100,3,0,-21,23,-offset_x,-offset_y,False,,,,,,
shirt_m_checks,sh_wlk_ls_2100_3_1,sh,wlk,ls,2100,3,1,-20,23,-offset_x,-offset_y,False,,,,,,
shirt_m_checks,sh_wlk_ls_2100_3_2,sh,wlk,ls,2100,3,2,-21,23,-offset_x,-offset_y,False,,,,,,
shirt_m_checks,sh_wlk_ls_2100_3_3,sh,wlk,ls,2100,3,3,-21,24,-offset_x,-offset_y,False,,,,,,
shirt_m_checks,sh_wlk_ls_2100_2_0,sh,wlk,ls,2100,2,0,-20,23,-offset_x,-offset_y,False,,,,,,
shirt_m_checks,sh_wlk_ls_2100_2_1,sh,wlk,ls,2100,2,1,-20,23,-offset_x,-offset_y,False,,,,,,
shirt_m_checks,sh_wlk_ls_2100_2_2,sh,wlk,ls,2100,2,2,-20,23,-offset_x,-offset_y,False,,,,,,
shirt_m_checks,sh_wlk_ls_2100_2_3,sh,wlk,ls,2100,2,3,-19,23,-offset_x,-offset_y,False,,,,,,
shirt_m_checks,sh_wlk_rs_2100_2_0,sh,wlk,rs,2100,2,0,-7,23,-offset_x,-offset_y,False,,,,,,
shirt_m_checks,sh_wlk_rs_2100_2_1,sh,wlk,rs,2100,2,1,-6,23,-offset_x,-offset_y,False,,,,,,
shirt_m_checks,sh_wlk_rs_2100_2_2,sh,wlk,rs,2100,2,2,-7,23,-offset_x,-offset_y,False,,,,,,
shirt_m_checks,sh_wlk_rs_2100_2_3,sh,wlk,rs,2100,2,3,-7,23,-offset_x,-offset_y,False,,,,,,
shirt_m_checks,sh_wlk_ls_2100_0_0,sh,wlk,ls,2100,0,0,-8,24,-offset_x,-offset_y,False,,,,,,
shirt_m_checks,sh_wlk_ls_2100_0_1,sh,wlk,ls,2100,0,1,-9,24,-offset_x,-offset_y,False,,,,,,
shirt_m_checks,sh_wlk_ls_2100_0_2,sh,wlk,ls,2100,0,2,-8,24,-offset_x,-offset_y,False,,,,,,
shirt_m_checks,sh_wlk_ls_2100_0_3,sh,wlk,ls,2100,0,3,-7,24,-offset_x,-offset_y,False,,,,,,
shirt_m_checks,sh_wlk_rs_2100_0_0,sh,wlk,rs,2100,0,0,-18,22,-offset_x,-offset_y,False,,,,,,
shirt_m_checks,sh_wlk_rs_2100_0_1,sh,wlk,rs,2100,0,1,-17,23,-offset_x,-offset_y,False,,,,,,
shirt_m_checks,sh_wlk_rs_2100_0_2,sh,wlk,rs,2100,0,2,-18,22,-offset_x,-offset_y,False,,,,,,
shirt_m_checks,sh_wlk_rs_2100_0_3,sh,wlk,rs,2100,0,3,-18,22,-offset_x,-offset_y,False,,,,,,
shirt_m_checks,sh_wlk_ls_2100_1_0,sh,wlk,ls,2100,1,0,-13,22,-offset_x,-offset_y,False,,,,,,
shirt_m_checks,sh_wlk_ls_2100_1_1,sh,wlk,ls,2100,1,1,-14,22,-offset_x,-offset_y,False,,,,,,
shirt_m_checks,sh_wlk_ls_2100_1_2,sh,wlk,ls,2100,1,2,-13,22,-offset_x,-offset_y,False,,,,,,
shirt_m_checks,sh_wlk_ls_2100_1_3,sh,wlk,ls,2100,1,3,-9,23,-offset_x,-offset_y,False,,,,,,
shirt_m_checks,sh_wlk_rs_2100_1_0,sh,wlk,rs,2100,1,0,-13,22,-offset_x,-offset_y,False,,,,,,
shirt_m_checks,sh_wlk_rs_2100_1_1,sh,wlk,rs,2100,1,1,-10,22,-offset_x,-offset_y,False,,,,,,
shirt_m_checks,sh_wlk_rs_2100_1_2,sh,wlk,rs,2100,1,2,-13,22,-offset_x,-offset_y,False,,,,,,
shirt_m_checks,sh_wlk_rs_2100_1_3,sh,wlk,rs,2100,1,3,-13,22,-offset_x,-offset_y,False,,,,,,
shirt_m_checks,sh_wlk_rs_2101_7_0,sh,wlk,rs,2101,7,0,-22,22,-offset_x,-offset_y,False,,,,,,
shirt_m_checks,sh_wlk_rs_2101_7_1,sh,wlk,rs,2101,7,1,-21,23,-offset_x,-offset_y,False,,,,,,
shirt_m_checks,sh_wlk_rs_2101_7_2,sh,wlk,rs,2101,7,2,-22,22,-offset_x,-offset_y,False,,,,,,
shirt_m_checks,sh_wlk_rs_2101_7_3,sh,wlk,rs,2101,7,3,-22,23,-offset_x,-offset_y,False,,,,,,
shirt_m_checks,sh_wlk_ls_2101_7_0,sh,wlk,ls,2101,7,0,-9,22,-offset_x,-offset_y,False,,,,,,
shirt_m_checks,sh_wlk_ls_2101_7_1,sh,wlk,ls,2101,7,1,-9,23,-offset_x,-offset_y,False,,,,,,
shirt_m_checks,sh_wlk_ls_2101_7_2,sh,wlk,ls,2101,7,2,-9,22,-offset_x,-offset_y,False,,,,,,
shirt_m_checks,sh_wlk_ls_2101_7_3,sh,wlk,ls,2101,7,3,-9,23,-offset_x,-offset_y,False,,,,,,
shirt_m_checks,sh_wlk_rs_2101_3_0,sh,wlk,rs,2101,3,0,-8,22,-offset_x,-offset_y,False,,,,,,
shirt_m_checks,sh_wlk_rs_2101_3_1,sh,wlk,rs,2101,3,1,-8,23,-offset_x,-offset_y,False,,,,,,
shirt_m_checks,sh_wlk_rs_2101_3_2,sh,wlk,rs,2101,3,2,-8,22,-offset_x,-offset_y,False,,,,,,
shirt_m_checks,sh_wlk_rs_2101_3_3,sh,wlk,rs,2101,3,3,-8,22,-offset_x,-offset_y,False,,,,,,
shirt_m_checks,sh_wlk_ls_2101_3_0,sh,wlk,ls,2101,3,0,-21,22,-offset_x,-offset_y,False,,,,,,
shirt_m_checks,sh_wlk_ls_2101_3_1,sh,wlk,ls,2101,3,1,-21,22,-offset_x,-offset_y,False,,,,,,
shirt_m_checks,sh_wlk_ls_2101_3_2,sh,wlk,ls,2101,3,2,-21,22,-offset_x,-offset_y,False,,,,,,
shirt_m_checks,sh_wlk_ls_2101_3_3,sh,wlk,ls,2101,3,3,-21,23,-offset_x,-offset_y,False,,,,,,
shirt_m_checks,sh_wlk_ls_2101_2_0,sh,wlk,ls,2101,2,0,-20,21,-offset_x,-offset_y,False,,,,,,
shirt_m_checks,sh_wlk_ls_2101_2_1,sh,wlk,ls,2101,2,1,-20,21,-offset_x,-offset_y,False,,,,,,
shirt_m_checks,sh_wlk_ls_2101_2_2,sh,wlk,ls,2101,2,2,-20,21,-offset_x,-offset_y,False,,,,,,
shirt_m_checks,sh_wlk_ls_2101_2_3,sh,wlk,ls,2101,2,3,-19,21,-offset_x,-offset_y,False,,,,,,
shirt_m_checks,sh_wlk_rs_2101_2_0,sh,wlk,rs,2101,2,0,-8,22,-offset_x,-offset_y,False,,,,,,
shirt_m_checks,sh_wlk_rs_2101_2_1,sh,wlk,rs,2101,2,1,-7,22,-offset_x,-offset_y,False,,,,,,
shirt_m_checks,sh_wlk_rs_2101_2_2,sh,wlk,rs,2101,2,2,-8,22,-offset_x,-offset_y,False,,,,,,
shirt_m_checks,sh_wlk_rs_2101_2_3,sh,wlk,rs,2101,2,3,-8,22,-offset_x,-offset_y,False,,,,,,
shirt_m_checks,sh_wlk_ls_2101_0_0,sh,wlk,ls,2101,0,0,-9,23,-offset_x,-offset_y,False,,,,,,
shirt_m_checks,sh_wlk_ls_2101_0_1,sh,wlk,ls,2101,0,1,-10,23,-offset_x,-offset_y,False,,,,,,
shirt_m_checks,sh_wlk_ls_2101_0_2,sh,wlk,ls,2101,0,2,-9,23,-offset_x,-offset_y,False,,,,,,
shirt_m_checks,sh_wlk_ls_2101_0_3,sh,wlk,ls,2101,0,3,-8,23,-offset_x,-offset_y,False,,,,,,
shirt_m_checks,sh_wlk_rs_2101_0_0,sh,wlk,rs,2101,0,0,-18,22,-offset_x,-offset_y,False,,,,,,
shirt_m_checks,sh_wlk_rs_2101_0_1,sh,wlk,rs,2101,0,1,-18,23,-offset_x,-offset_y,False,,,,,,
shirt_m_checks,sh_wlk_rs_2101_0_2,sh,wlk,rs,2101,0,2,-18,22,-offset_x,-offset_y,False,,,,,,
shirt_m_checks,sh_wlk_rs_2101_0_3,sh,wlk,rs,2101,0,3,-18,22,-offset_x,-offset_y,False,,,,,,
shirt_m_checks,sh_wlk_ls_2101_1_0,sh,wlk,ls,2101,1,0,-13,21,-offset_x,-offset_y,False,,,,,,
shirt_m_checks,sh_wlk_ls_2101_1_1,sh,wlk,ls,2101,1,1,-14,22,-offset_x,-offset_y,False,,,,,,
shirt_m_checks,sh_wlk_ls_2101_1_2,sh,wlk,ls,2101,1,2,-10,23,-offset_x,-offset_y,False,,,,,,
shirt_m_checks,sh_wlk_rs_2101_1_0,sh,wlk,rs,2101,1,0,-13,21,-offset_x,-offset_y,False,,,,,,
shirt_m_checks,sh_wlk_rs_2101_1_1,sh,wlk,rs,2101,1,1,-11,22,-offset_x,-offset_y,False,,,,,,
shirt_m_checks,sh_wlk_rs_2101_1_2,sh,wlk,rs,2101,1,2,-13,21,-offset_x,-offset_y,False,,,,,,
shirt_m_checks,sh_wlk_rs_2101_1_3,sh,wlk,rs,2101,1,3,-13,21,-offset_x,-offset_y,False,,,,,,
shirt_m_checks,sh_wav_ls_2100_0_0,sh,wav,ls,2100,0,0,-5,29,-offset_x,-offset_y,False,,,,,,
shirt_m_checks,sh_wav_ls_2100_0_1,sh,wav,ls,2100,0,1,-4,29,-offset_x,-offset_y,False,,,,,,
shirt_m_checks,sh_wav_ls_2100_1_0,sh,wav,ls,2100,1,0,-16,30,-offset_x,-offset_y,False,,,,,,
shirt_m_checks,sh_wav_ls_2100_1_1,sh,wav,ls,2100,1,1,-16,30,-offset_x,-offset_y,False,,,,,,
shirt_m_checks,sh_wav_ls_2100_2_0,sh,wav,ls,2100,2,0,-18,29,-offset_x,-offset_y,False,,,,,,
shirt_m_checks,sh_wav_ls_2100_2_1,sh,wav,ls,2100,2,1,-18,29,-offset_x,-offset_y,False,,,,,,
shirt_m_checks,sh_wav_ls_2100_3_0,sh,wav,ls,2100,3,0,-20,30,-offset_x,-offset_y,False,,,,,,
shirt_m_checks,sh_wav_ls_2100_3_1,sh,wav,ls,2100,3,1,-20,30,-offset_x,-offset_y,False,,,,,,
shirt_m_checks,sh_wav_ls_2100_7_0,sh,wav,ls,2100,7,0,-5,29,-offset_x,-offset_y,False,,,,,,
shirt_m_checks,sh_wav_ls_2100_7_1,sh,wav,ls,2100,7,1,-3,29,-offset_x,-offset_y,False,,,,,,
shirt_m_checks,sh_wav_ls_2100_4_0,sh,wav,ls,2100,4,0,-19,28,-offset_x,-offset_y,False,,,,,,
shirt_m_checks,sh_wav_ls_2100_4_1,sh,wav,ls,2100,4,1,-19,27,-offset_x,-offset_y,False,,,,,,
shirt_m_checks,sh_wav_ls_2100_5_0,sh,wav,ls,2100,5,0,-10,29,-offset_x,-offset_y,False,,,,,,
shirt_m_checks,sh_wav_ls_2100_5_1,sh,wav,ls,2100,5,1,-11,29,-offset_x,-offset_y,False,,,,,,
shirt_m_checks,sh_wav_ls_2100_6_0,sh,wav,ls,2100,6,0,-2,27,-offset_x,-offset_y,False,,,,,,
shirt_m_checks,sh_wav_ls_2100_6_1,sh,wav,ls,2100,6,1,-3,27,-offset_x,-offset_y,False,,,,,,
shirt_m_checks,sh_wav_ls_2101_0_0,sh,wav,ls,2101,0,0,-6,28,-offset_x,-offset_y,False,,,,,,
shirt_m_checks,sh_wav_ls_2101_0_1,sh,wav,ls,2101,0,1,-5,28,-offset_x,-offset_y,False,,,,,,
shirt_m_checks,sh_wav_ls_2101_1_0,sh,wav,ls,2101,1,0,-17,29,-offset_x,-offset_y,False,,,,,,
shirt_m_checks,sh_wav_ls_2101_1_1,sh,wav,ls,2101,1,1,-17,29,-offset_x,-offset_y,False,,,,,,
shirt_m_checks,sh_wav_ls_2101_2_0,sh,wav,ls,2101,2,0,-19,28,-offset_x,-offset_y,False,,,,,,
shirt_m_checks,sh_wav_ls_2101_2_1,sh,wav,ls,2101,2,1,-19,28,-offset_x,-offset_y,False,,,,,,
shirt_m_checks,sh_wav_ls_2101_3_0,sh,wav,ls,2101,3,0,-20,29,-offset_x,-offset_y,False,,,,,,
shirt_m_checks,sh_wav_ls_2101_3_1,sh,wav,ls,2101,3,1,-20,29,-offset_x,-offset_y,False,,,,,,
shirt_m_checks,sh_wav_ls_2101_7_0,sh,wav,ls,2101,7,0,-6,28,-offset_x,-offset_y,False,,,,,,
shirt_m_checks,sh_wav_ls_2101_7_1,sh,wav,ls,2101,7,1,-4,28,-offset_x,-offset_y,False,,,,,,
shirt_m_checks,sh_wav_ls_2101_4_0,sh,wav,ls,2101,4,0,-19,27,-offset_x,-offset_y,False,,,,,,
shirt_m_checks,sh_wav_ls_2101_4_1,sh,wav,ls,2101,4,1,-19,26,-offset_x,-offset_y,False,,,,,,
shirt_m_checks,sh_wav_ls_2101_5_0,sh,wav,ls,2101,5,0,-11,27,-offset_x,-offset_y,False,,,,,,
shirt_m_checks,sh_wav_ls_2101_5_1,sh,wav,ls,2101,5,1,-12,27,-offset_x,-offset_y,False,,,,,,
shirt_m_checks,sh_wav_ls_2101_6_0,sh,wav,ls,2101,6,0,-3,26,-offset_x,-offset_y,False,,,,,,
shirt_m_checks,sh_wav_ls_2101_6_1,sh,wav,ls,2101,6,1,-4,26,-offset_x,-offset_y,False,,,,,,
shirt_m_checks,sh_lay_ls_2100_2_0,sh,lay,ls,2100,2,0,-7,12,-offset_x,-offset_y,False,,,,,,
shirt_m_checks,sh_lay_ch_2100_2_0,sh,lay,ch,2100,2,0,2,11,-offset_x,-offset_y,False,,,,,,
shirt_m_checks,sh_lay_rs_2100_2_0,sh,lay,rs,2100,2,0,2,7,-offset_x,-offset_y,False,,,,,,
shirt_m_checks,sh_lay_ls_2101_2_0,sh,lay,ls,2101,2,0,-7,11,-offset_x,-offset_y,False,,,,,,
shirt_m_checks,sh_lay_ch_2101_2_0,sh,lay,ch,2101,2,0,1,11,-offset_x,-offset_y,False,,,,,,
shirt_m_checks,sh_lay_rs_2101_2_0,sh,lay,rs,2101,2,0,1,7,-offset_x,-offset_y,False,,,,,,
shirt_m_checks,sh_drk_rs_2100_0_0,sh,drk,rs,2100,0,0,-19,25,-offset_x,-offset_y,False,,,,,,
shirt_m_checks,sh_drk_rs_2100_1_0,sh,drk,rs,2100,1,0,-15,23,-offset_x,-offset_y,False,,,,,,
shirt_m_checks,sh_drk_rs_2100_2_0,sh,drk,rs,2100,2,0,-9,23,-offset_x,-offset_y,False,,,,,,
shirt_m_checks,sh_drk_rs_2100_3_0,sh,drk,rs,2100,3,0,-7,24,-offset_x,-offset_y,False,,,,,,
shirt_m_checks,sh_drk_rs_2100_4_0,sh,drk,rs,2100,4,0,-5,24,-offset_x,-offset_y,False,,,,,,
shirt_m_checks,sh_drk_rs_2100_7_0,sh,drk,rs,2100,7,0,-20,26,-offset_x,-offset_y,False,,,,,,
shirt_m_checks,sh_drk_rs_2100_5_0,sh,drk,rs,2100,5,0,-7,24,-offset_x,-offset_y,False,,,,,,
shirt_m_checks,sh_drk_rs_2100_6_0,sh,drk,rs,2100,6,0,-11,25,-offset_x,-offset_y,False,,,,,,
shirt_m_checks,sh_drk_rs_2101_0_0,sh,drk,rs,2101,0,0,-19,24,-offset_x,-offset_y,False,,,,,,
shirt_m_checks,sh_drk_rs_2101_1_0,sh,drk,rs,2101,1,0,-15,22,-offset_x,-offset_y,False,,,,,,
shirt_m_checks,sh_drk_rs_2101_2_0,sh,drk,rs,2101,2,0,-10,22,-offset_x,-offset_y,False,,,,,,
shirt_m_checks,sh_drk_rs_2101_3_0,sh,drk,rs,2101,3,0,-8,23,-offset_x,-offset_y,False,,,,,,
shirt_m_checks,sh_drk_rs_2101_4_0,sh,drk,rs,2101,4,0,-6,23,-offset_x,-offset_y,False,,,,,,
shirt_m_checks,sh_drk_rs_2101_7_0,sh,drk,rs,2101,7,0,-21,25,-offset_x,-offset_y,False,,,,,,
shirt_m_checks,sh_drk_rs_2101_5_0,sh,drk,rs,2101,5,0,-8,23,-offset_x,-offset_y,False,,,,,,
shirt_m_checks,sh_drk_rs_2101_6_0,sh,drk,rs,2101,6,0,-12,24,-offset_x,-offset_y,False,,,,,,
shirt_m_checks,sh_crr_rs_2100_0_0,sh,crr,rs,2100,0,0,-17,22,-offset_x,-offset_y,False,,,,,,
shirt_m_checks,sh_crr_ls_2100_0_0,sh,crr,ls,2100,0,0,-8,24,-offset_x,-offset_y,False,,,,,,
shirt_m_checks,sh_crr_rs_2100_1_0,sh,crr,rs,2100,1,0,-13,22,-offset_x,-offset_y,False,,,,,,
shirt_m_checks,sh_crr_ls_2100_1_0,sh,crr,ls,2100,1,0,-13,23,-offset_x,-offset_y,False,,,,,,
shirt_m_checks,sh_crr_ls_2100_2_0,sh,crr,ls,2100,2,0,-20,23,-offset_x,-offset_y,False,,,,,,
shirt_m_checks,sh_crr_rs_2100_2_0,sh,crr,rs,2100,2,0,-8,23,-offset_x,-offset_y,False,,,,,,
shirt_m_checks,sh_crr_rs_2100_3_0,sh,crr,rs,2100,3,0,-6,23,-offset_x,-offset_y,False,,,,,,
shirt_m_checks,sh_crr_ls_2100_3_0,sh,crr,ls,2100,3,0,-19,23,-offset_x,-offset_y,False,,,,,,
shirt_m_checks,sh_crr_rs_2100_4_0,sh,crr,rs,2100,4,0,-8,23,-offset_x,-offset_y,False,,,,,,
shirt_m_checks,sh_crr_rs_2100_5_0,sh,crr,rs,2100,5,0,-9,23,-offset_x,-offset_y,False,,,,,,
shirt_m_checks,sh_crr_ls_2100_6_0,sh,crr,ls,2100,6,0,-21,24,-offset_x,-offset_y,False,,,,,,
shirt_m_checks,sh_crr_rs_2100_7_0,sh,crr,rs,2100,7,0,-22,23,-offset_x,-offset_y,False,,,,,,
shirt_m_checks,sh_crr_ls_2100_7_0,sh,crr,ls,2100,7,0,-8,23,-offset_x,-offset_y,False,,,,,,
shirt_m_checks,sh_crr_rs_2101_0_0,sh,crr,rs,2101,0,0,-17,22,-offset_x,-offset_y,False,,,,,,
shirt_m_checks,sh_crr_ls_2101_0_0,sh,crr,ls,2101,0,0,-9,23,-offset_x,-offset_y,False,,,,,,
shirt_m_checks,sh_crr_rs_2101_1_0,sh,crr,rs,2101,1,0,-13,21,-offset_x,-offset_y,False,,,,,,
shirt_m_checks,sh_crr_ls_2101_1_0,sh,crr,ls,2101,1,0,-13,23,-offset_x,-offset_y,False,,,,,,
shirt_m_checks,sh_crr_ls_2101_2_0,sh,crr,ls,2101,2,0,-20,22,-offset_x,-offset_y,False,,,,,,
shirt_m_checks,sh_crr_rs_2101_2_0,sh,crr,rs,2101,2,0,-9,22,-offset_x,-offset_y,False,,,,,,
shirt_m_checks,sh_crr_rs_2101_3_0,sh,crr,rs,2101,3,0,-7,23,-offset_x,-offset_y,False,,,,,,
shirt_m_checks,sh_crr_ls_2101_3_0,sh,crr,ls,2101,3,0,-19,23,-offset_x,-offset_y,False,,,,,,
shirt_m_checks,sh_crr_rs_2101_4_0,sh,crr,rs,2101,4,0,-9,22,-offset_x,-offset_y,False,,,,,,
shirt_m_checks,sh_crr_rs_2101_5_0,sh,crr,rs,2101,5,0,-10,22,-offset_x,-offset_y,False,,,,,,
shirt_m_checks,sh_crr_ls_2101_6_0,sh,crr,ls,2101,6,0,-21,23,-offset_x,-offset_y,False,,,,,,
shirt_m_checks,sh_crr_rs_2101_7_0,sh,crr,rs,2101,7,0,-22,22,-offset_x,-offset_y,False,,,,,,
shirt_m_checks,sh_crr_ls_2101_7_0,sh,crr,ls,2101,7,0,-9,22,-offset_x,-offset_y,False,,,,,,
trousers_u_baggy,h_std_lg_2129_0_0,h,std,lg,2129,0,0,-19,24,-offset_x,-offset_y,True,24,28,4,0.5,0.5,100.0
trousers_u_baggy,h_std_lg_2129_1_0,h,std,lg,2129,1,0,-23,21,-offset_x,-offset_y,True,17,23,4,0.5,0.5,100.0
trousers_u_baggy,h_std_lg_2129_2_0,h,std,lg,2129,2,0,-23,24,-offset_x,-offset_y,True,23,28,4,0.5,0.5,100.0
trousers_u_baggy,h_std_lg_2129_3_0,h,std,lg,2129,3,0,-22,21,-offset_x,-offset_y,True,23,23,4,0.5,0.5,100.0
trousers_u_baggy,h_std_lg_2129_7_0,h,std,lg,2129,7,0,-22,21,-offset_x,-offset_y,True,23,23,4,0.5,0.5,100.0
trousers_u_baggy,h_std_lg_2130_0_0,h,std,lg,2130,0,0,-20,20,-offset_x,-offset_y,True,21,23,4,0.5,0.5,100.0
trousers_u_baggy,h_std_lg_2130_1_0,h,std,lg,2130,1,0,-24,17,-offset_x,-offset_y,True,14,18,4,0.5,0.5,100.0
trousers_u_baggy,h_std_lg_2130_2_0,h,std,lg,2130,2,0,-24,20,-offset_x,-offset_y,True,21,23,4,0.5,0.5,100.0
trousers_u_baggy,h_std_lg_2130_3_0,h,std,lg,2130,3,0,-23,17,-offset_x,-offset_y,True,21,18,4,0.5,0.5,100.0
trousers_u_baggy,h_std_lg_2130_7_0,h,std,lg,2130,7,0,-23,17,-offset_x,-offset_y,True,21,18,4,0.5,0.5,100.0
trousers_u_baggy,h_wlk_lg_2129_0_0,h,wlk,lg,2129,0,0,-19,25,-offset_x,-offset_y,True,24,28,4,0.5,0.5,100.0
trousers_u_baggy,h_wlk_lg_2129_0_1,h,wlk,lg,2129,0,1,-16,25,-offset_x,-offset_y,True,33,26,4,0.5,0.5,100.0
trousers_u_baggy,h_wlk_lg_2129_0_2,h,wlk,lg,2129,0,2,-19,25,-offset_x,-offset_y,True,24,28,4,0.5,0.5,100.0
trousers_u_baggy,h_wlk_lg_2129_0_3,h,wlk,lg,2129,0,3,-19,25,-offset_x,-offset_y,True,24,29,4,0.5,0.5,100.0
trousers_u_baggy,h_wlk_lg_2129_1_0,h,wlk,lg,2129,1,0,-23,21,-offset_x,-offset_y,True,18,23,4,0.5,0.5,100.0
trousers_u_baggy,h_wlk_lg_2129_1_1,h,wlk,lg,2129,1,1,-16,21,-offset_x,-offset_y,True,31,23,4,0.5,0.5,100.0
trousers_u_baggy,h_wlk_lg_2129_1_2,h,wlk,lg,2129,1,2,-23,21,-offset_x,-offset_y,True,18,23,4,0.5,0.5,100.0
trousers_u_baggy,h_wlk_lg_2129_1_3,h,wlk,lg,2129,1,3,-17,21,-offset_x,-offset_y,True,30,23,4,0.5,0.5,100.0
trousers_u_baggy,h_wlk_lg_2129_2_0,h,wlk,lg,2129,2,0,-23,25,-offset_x,-offset_y,True,23,28,4,0.5,0.5,100.0
trousers_u_baggy,h_wlk_lg_2129_2_1,h,wlk,lg,2129,2,1,-23,25,-offset_x,-offset_y,True,23,28,4,0.5,0.5,100.0
trousers_u_baggy,h_wlk_lg_2129_2_2,h,wlk,lg,2129,2,2,-23,25,-offset_x,-offset_y,True,23,28,4,0.5,0.5,100.0
trousers_u_baggy,h_wlk_lg_2129_2_3,h,wlk,lg,2129,2,3,-19,25,-offset_x,-offset_y,True,29,24,4,0.5,0.5,100.0
trousers_u_baggy,h_wlk_lg_2129_3_0,h,wlk,lg,2129,3,0,-22,21,-offset_x,-offset_y,True,23,23,4,0.5,0.5,100.0
trousers_u_baggy,h_wlk_lg_2129_3_1,h,wlk,lg,2129,3,1,-22,21,-offset_x,-offset_y,True,23,25,4,0.5,0.5,100.0
trousers_u_baggy,h_wlk_lg_2129_3_2,h,wlk,lg,2129,3,2,-22,21,-offset_x,-offset_y,True,23,24,4,0.5,0.5,100.0
trousers_u_baggy,h_wlk_lg_2129_3_3,h,wlk,lg,2129,3,3,-22,21,-offset_x,-offset_y,True,23,24,4,0.5,0.5,100.0
trousers_u_baggy,h_wlk_lg_2129_7_0,h,wlk,lg,2129,7,0,-22,21,-offset_x,-offset_y,True,23,23,4,0.5,0.5,100.0
trousers_u_baggy,h_wlk_lg_2129_7_1,h,wlk,lg,2129,7,1,-22,21,-offset_x,-offset_y,True,23,23,4,0.5,0.5,100.0
trousers_u_baggy,h_wlk_lg_2129_7_2,h,wlk,lg,2129,7,2,-22,21,-offset_x,-offset_y,True,23,24,4,0.5,0.5,100.0
trousers_u_baggy,h_wlk_lg_2129_7_3,h,wlk,lg,2129,7,3,-22,21,-offset_x,-offset_y,True,23,25,4,0.5,0.5,100.0
trousers_u_baggy,h_wlk_lg_2130_0_0,h,wlk,lg,2130,0,0,-20,21,-offset_x,-offset_y,True,21,23,4,0.5,0.5,100.0
trousers_u_baggy,h_wlk_lg_2130_0_1,h,wlk,lg,2130,0,1,-17,21,-offset_x,-offset_y,True,31,21,4,0.5,0.5,100.0
trousers_u_baggy,h_wlk_lg_2130_0_2,h,wlk,lg,2130,0,2,-20,21,-offset_x,-offset_y,True,21,23,4,0.5,0.5,100.0
trousers_u_baggy,h_wlk_lg_2130_0_3,h,wlk,lg,2130,0,3,-21,21,-offset_x,-offset_y,True,21,24,4,0.5,0.5,100.0
trousers_u_baggy,h_wlk_lg_2130_1_0,h,wlk,lg,2130,1,0,-24,17,-offset_x,-offset_y,True,16,18,4,0.5,0.5,100.0
trousers_u_baggy,h_wlk_lg_2130_1_1,h,wlk,lg,2130,1,1,-17,17,-offset_x,-offset_y,True,29,18,4,0.5,0.5,100.0
trousers_u_baggy,h_wlk_lg_2130_1_2,h,wlk,lg,2130,1,2,-24,17,-offset_x,-offset_y,True,16,18,4,0.5,0.5,100.0
trousers_u_baggy,h_wlk_lg_2130_1_3,h,wlk,lg,2130,1,3,-18,17,-offset_x,-offset_y,True,28,18,4,0.5,0.5,100.0
trousers_u_baggy,h_wlk_lg_2130_2_0,h,wlk,lg,2130,2,0,-24,21,-offset_x,-offset_y,True,20,23,4,0.5,0.5,100.0
trousers_u_baggy,h_wlk_lg_2130_2_1,h,wlk,lg,2130,2,1,-24,21,-offset_x,-offset_y,True,20,23,4,0.5,0.5,100.0
trousers_u_baggy,h_wlk_lg_2130_2_2,h,wlk,lg,2130,2,2,-24,21,-offset_x,-offset_y,True,20,23,4,0.5,0.5,100.0
trousers_u_baggy,h_wlk_lg_2130_2_3,h,wlk,lg,2130,2,3,-20,20,-offset_x,-offset_y,True,27,18,4,0.5,0.5,100.0
trousers_u_baggy,h_wlk_lg_2130_3_0,h,wlk,lg,2130,3,0,-23,17,-offset_x,-offset_y,True,21,18,4,0.5,0.5,100.0
trousers_u_baggy,h_wlk_lg_2130_3_1,h,wlk,lg,2130,3,1,-23,17,-offset_x,-offset_y,True,21,20,4,0.5,0.5,100.0
trousers_u_baggy,h_wlk_lg_2130_3_2,h,wlk,lg,2130,3,2,-23,17,-offset_x,-offset_y,True,21,19,4,0.5,0.5,100.0
trousers_u_baggy,h_wlk_lg_2130_3_3,h,wlk,lg,2130,3,3,-23,17,-offset_x,-offset_y,True,21,19,4,0.5,0.5,100.0
trousers_u_baggy,h_wlk_lg_2130_7_0,h,wlk,lg,2130,7,0,-23,17,-offset_x,-offset_y,True,21,18,4,0.5,0.5,100.0
trousers_u_baggy,h_wlk_lg_2130_7_1,h,wlk,lg,2130,7,1,-23,17,-offset_x,-offset_y,True,21,18,4,0.5,0.5,100.0
trousers_u_baggy,h_wlk_lg_2130_7_2,h,wlk,lg,2130,7,2,-23,17,-offset_x,-offset_y,True,21,19,4,0.5,0.5,100.0
trousers_u_baggy,h_wlk_lg_2130_7_3,h,wlk,lg,2130,7,3,-23,17,-offset_x,-offset_y,True,21,20,4,0.5,0.5,100.0
trousers_u_baggy,h_sit_lg_2129_0_0,h,sit,lg,2129,0,0,-21,32,-offset_x,-offset_y,True,35,22,4,0.5,0.5,100.0
trousers_u_baggy,h_sit_lg_2129_2_0,h,sit,lg,2129,2,0,-20,24,-offset_x,-offset_y,True,33,22,4,0.5,0.5,100.0
trousers_u_baggy,h_sit_lg_2130_0_0,h,sit,lg,2130,0,0,-22,31,-offset_x,-offset_y,True,33,20,4,0.5,0.5,100.0
trousers_u_baggy,h_sit_lg_2130_2_0,h,sit,lg,2130,2,0,-21,22,-offset_x,-offset_y,True,31,19,4,0.5,0.5,100.0
trousers_u_baggy,h_lay_lg_2129_2_0,h,lay,lg,2129,2,0,-19,13,-offset_x,-offset_y,True,29,24,4,0.5,0.5,100.0
trousers_u_baggy,h_lay_lg_2130_2_0,h,lay,lg,2130,2,0,-20,12,-offset_x,-offset_y,True,27,22,4,0.5,0.5,100.0
trousers_u_baggy,sh_std_lg_2129_0_0,sh,std,lg,2129,0,0,-10,12,-offset_x,-offset_y,False,,,,,,
trousers_u_baggy,sh_std_lg_2129_1_0,sh,std,lg,2129,1,0,-12,11,-offset_x,-offset_y,False,,,,,,
trousers_u_baggy,sh_std_lg_2129_2_0,sh,std,lg,2129,2,0,-10,12,-offset_x,-offset_y,False,,,,,,
trousers_u_baggy,sh_std_lg_2129_3_0,sh,std,lg,2129,3,0,-9,9,-offset_x,-offset_y,False,,,,,,
trousers_u_baggy,sh_std_lg_2129_7_0,sh,std,lg,2129,7,0,-10,10,-offset_x,-offset_y,False,,,,,,
trousers_u_baggy,sh_std_lg_2130_0_0,sh,std,lg,2130,0,0,-11,10,-offset_x,-offset_y,False,,,,,,
trousers_u_baggy,sh_std_lg_2130_1_0,sh,std,lg,2130,1,0,-13,9,-offset_x,-offset_y,False,,,,,,
trousers_u_baggy,sh_std_lg_2130_2_0,sh,std,lg,2130,2,0,-11,11,-offset_x,-offset_y,False,,,,,,
trousers_u_baggy,sh_std_lg_2130_3_0,sh,std,lg,2130,3,0,-10,8,-offset_x,-offset_y,False,,,,,,
trousers_u_baggy,sh_std_lg_2130_7_0,sh,std,lg,2130,7,0,-11,9,-offset_x,-offset_y,False,,,,,,
trousers_u_baggy,sh_wlk_lg_2129_0_0,sh,wlk,lg,2129,0,0,-10,12,-offset_x,-offset_y,False,,,,,,
trousers_u_baggy,sh_wlk_lg_2129_0_1,sh,wlk,lg,2129,0,1,-7,12,-offset_x,-offset_y,False,,,,,,
trousers_u_baggy,sh_wlk_lg_2129_0_2,sh,wlk,lg,2129,0,2,-10,12,-offset_x,-offset_y,False,,,,,,
trousers_u_baggy,sh_wlk_lg_2129_0_3,sh,wlk,lg,2129,0,3,-10,12,-offset_x,-offset_y,False,,,,,,
trousers_u_baggy,sh_wlk_lg_2129_1_0,sh,wlk,lg,2129,1,0,-12,11,-offset_x,-offset_y,False,,,,,,
trousers_u_baggy,sh_wlk_lg_2129_1_1,sh,wlk,lg,2129,1,1,-7,10,-offset_x,-offset_y,False,,,,,,
trousers_u_baggy,sh_wlk_lg_2129_1_2,sh,wlk,lg,2129,1,2,-12,11,-offset_x,-offset_y,False,,,,,,
trousers_u_baggy,sh_wlk_lg_2129_1_3,sh,wlk,lg,2129,1,3,-9,10,-offset_x,-offset_y,False,,,,,,
trousers_u_baggy,sh_wlk_lg_2129_2_0,sh,wlk,lg,2129,2,0,-10,12,-offset_x,-offset_y,False,,,,,,
trousers_u_baggy,sh_wlk_lg_2129_2_1,sh,wlk,lg,2129,2,1,-10,12,-offset_x,-offset_y,False,,,,,,
trousers_u_baggy,sh_wlk_lg_2129_2_2,sh,wlk,lg,2129,2,2,-10,12,-offset_x,-offset_y,False,,,,,,
trousers_u_baggy,sh_wlk_lg_2129_2_3,sh,wlk,lg,2129,2,3,-7,12,-offset_x,-offset_y,False,,,,,,
trousers_u_baggy,sh_wlk_lg_2129_3_0,sh,wlk,lg,2129,3,0,-9,9,-offset_x,-offset_y,False,,,,,,
trousers_u_baggy,sh_wlk_lg_2129_3_1,sh,wlk,lg,2129,3,1,-9,9,-offset_x,-offset_y,False,,,,,,
trousers_u_baggy,sh_wlk_lg_2129_3_2,sh,wlk,lg,2129,3,2,-9,9,-offset_x,-offset_y,False,,,,,,
trousers_u_baggy,sh_wlk_lg_2129_3_3,sh,wlk,lg,2129,3,3,-9,9,-offset_x,-offset_y,False,,,,,,
trousers_u_baggy,sh_wlk_lg_2129_7_0,sh,wlk,lg,2129,7,0,-10,10,-offset_x,-offset_y,False,,,,,,
trousers_u_baggy,sh_wlk_lg_2129_7_1,sh,wlk,lg,2129,7,1,-10,10,-offset_x,-offset_y,False,,,,,,
trousers_u_baggy,sh_wlk_lg_2129_7_2,sh,wlk,lg,2129,7,2,-10,10,-offset_x,-offset_y,False,,,,,,
trousers_u_baggy,sh_wlk_lg_2129_7_3,sh,wlk,lg,2129,7,3,-10,10,-offset_x,-offset_y,False,,,,,,
trousers_u_baggy,sh_wlk_lg_2130_0_0,sh,wlk,lg,2130,0,0,-11,9,-offset_x,-offset_y,False,,,,,,
trousers_u_baggy,sh_wlk_lg_2130_0_1,sh,wlk,lg,2130,0,1,-8,9,-offset_x,-offset_y,False,,,,,,
trousers_u_baggy,sh_wlk_lg_2130_0_2,sh,wlk,lg,2130,0,2,-11,9,-offset_x,-offset_y,False,,,,,,
trousers_u_baggy,sh_wlk_lg_2130_0_3,sh,wlk,lg,2130,0,3,-11,9,-offset_x,-offset_y,False,,,,,,
trousers_u_baggy,sh_wlk_lg_2130_1_0,sh,wlk,lg,2130,1,0,-13,8,-offset_x,-offset_y,False,,,,,,
trousers_u_baggy,sh_wlk_lg_2130_1_1,sh,wlk,lg,2130,1,1,-8,8,-offset_x,-offset_y,False,,,,,,
trousers_u_baggy,sh_wlk_lg_2130_1_2,sh,wlk,lg,2130,1,2,-13,8,-offset_x,-offset_y,False,,,,,,
trousers_u_baggy,sh_wlk_lg_2130_1_3,sh,wlk,lg,2130,1,3,-10,8,-offset_x,-offset_y,False,,,,,,
trousers_u_baggy,sh_wlk_lg_2130_2_0,sh,wlk,lg,2130,2,0,-11,10,-offset_x,-offset_y,False,,,,,,
trousers_u_baggy,sh_wlk_lg_2130_2_1,sh,wlk,lg,2130,2,1,-11,10,-offset_x,-offset_y,False,,,,,,
trousers_u_baggy,sh_wlk_lg_2130_2_2,sh,wlk,lg,2130,2,2,-11,10,-offset_x,-offset_y,False,,,,,,
trousers_u_baggy,sh_wlk_lg_2130_2_3,sh,wlk,lg,2130,2,3,-8,10,-offset_x,-offset_y,False,,,,,,
trousers_u_baggy,sh_wlk_lg_2130_3_0,sh,wlk,lg,2130,3,0,-10,7,-offset_x,-offset_y,False,,,,,,
trousers_u_baggy,sh_wlk_lg_2130_3_1,sh,wlk,lg,2130,3,1,-10,7,-offset_x,-offset_y,False,,,,,,
trousers_u_baggy,sh_wlk_lg_2130_3_2,sh,wlk,lg,2130,3,2,-10,7,-offset_x,-offset_y,False,,,,,,
trousers_u_baggy,sh_wlk_lg_2130_3_3,sh,wlk,lg,2130,3,3,-10,7,-offset_x,-offset_y,False,,,,,,
trousers_u_baggy,sh_wlk_lg_2130_7_0,sh,wlk,lg,2130,7,0,-11,8,-offset_x,-offset_y,False,,,,,,
trousers_u_baggy,sh_wlk_lg_2130_7_1,sh,wlk,lg,2130,7,1,-11,8,-offset_x,-offset_y,False,,,,,,
trousers_u_baggy,sh_wlk_lg_2130_7_2,sh,wlk,lg,2130,7,2,-11,8,-offset_x,-offset_y,False,,,,,,
trousers_u_baggy,sh_wlk_lg_2130_7_3,sh,wlk,lg,2130,7,3,-11,8,-offset_x,-offset_y,False,,,,,,
trousers_u_baggy,sh_sit_lg_2129_0_0,sh,sit,lg,2129,0,0,-11,17,-offset_x,-offset_y,False,,,,,,
trousers_u_baggy,sh_sit_lg_2129_2_0,sh,sit,lg,2129,2,0,-8,14,-offset_x,-offset_y,False,,,,,,
trousers_u_baggy,sh_sit_lg_2130_0_0,sh,sit,lg,2130,0,0,-12,16,-offset_x,-offset_y,False,,,,,,
trousers_u_baggy,sh_sit_lg_2130_2_0,sh,sit,lg,2130,2,0,-9,13,-offset_x,-offset_y,False,,,,,,
trousers_u_baggy,sh_lay_lg_2129_2_0,sh,lay,lg,2129,2,0,-9,6,-offset_x,-offset_y,False,,,,,,
trousers_u_baggy,sh_lay_lg_2130_2_0,sh,lay,lg,2130,2,0,-10,4,-offset_x,-offset_y,False,,,,,,
shoes_u_skater,sh_std_sh_2111_0_0,sh,std,sh,2111,0,0,-10,4,-offset_x,-offset_y,False,,,,,,
shoes_u_skater,sh_std_sh_2111_1_0,sh,std,sh,2111,1,0,-12,2,-offset_x,-offset_y,False,,,,,,
shoes_u_skater,sh_std_sh_2111_2_0,sh,std,sh,2111,2,0,-10,3,-offset_x,-offset_y,False,,,,,,
shoes_u_skater,sh_std_sh_2111_3_0,sh,std,sh,2111,3,0,-10,1,-offset_x,-offset_y,False,,,,,,
shoes_u_skater,sh_std_sh_2111_7_0,sh,std,sh,2111,7,0,-11,2,-offset_x,-offset_y,False,,,,,,
shoes_u_skater,sh_std_sh_2112_0_0,sh,std,sh,2112,0,0,-19,1,-offset_x,-offset_y,False,,,,,,
shoes_u_skater,sh_std_sh_2112_1_0,sh,std,sh,2112,1,0,-16,1,-offset_x,-offset_y,False,,,,,,
shoes_u_skater,sh_std_sh_2112_2_0,sh,std,sh,2112,2,0,-13,2,-offset_x,-offset_y,False,,,,,,
shoes_u_skater,sh_std_sh_2112_3_0,sh,std,sh,2112,3,0,-11,0,-offset_x,-offset_y,False,,,,,,
shoes_u_skater,sh_std_sh_2112_7_0,sh,std,sh,2112,7,0,-12,0,-offset_x,-offset_y,False,,,,,,
shoes_u_skater,sh_wlk_sh_2111_0_0,sh,wlk,sh,2111,0,0,-10,4,-offset_x,-offset_y,False,,,,,,
shoes_u_skater,sh_wlk_sh_2111_0_1,sh,wlk,sh,2111,0,1,-6,4,-offset_x,-offset_y,False,,,,,,
shoes_u_skater,sh_wlk_sh_2111_0_2,sh,wlk,sh,2111,0,2,-10,4,-offset_x,-offset_y,False,,,,,,
shoes_u_skater,sh_wlk_sh_2111_0_3,sh,wlk,sh,2111,0,3,-11,5,-offset_x,-offset_y,False,,,,,,
shoes_u_skater,sh_wlk_sh_2111_1_0,sh,wlk,sh,2111,1,0,-12,3,-offset_x,-offset_y,False,,,,,,
shoes_u_skater,sh_wlk_sh_2111_1_1,sh,wlk,sh,2111,1,1,-6,4,-offset_x,-offset_y,False,,,,,,
shoes_u_skater,sh_wlk_sh_2111_1_2,sh,wlk,sh,2111,1,2,-11,4,-offset_x,-offset_y,False,,,,,,
shoes_u_skater,sh_wlk_sh_2111_1_3,sh,wlk,sh,2111,1,3,-6,4,-offset_x,-offset_y,False,,,,,,
shoes_u_skater,sh_wlk_sh_2111_2_0,sh,wlk,sh,2111,2,0,-8,4,-offset_x,-offset_y,False,,,,,,
shoes_u_skater,sh_wlk_sh_2111_2_1,sh,wlk,sh,2111,2,1,-13,0,-offset_x,-offset_y,False,,,,,,
shoes_u_skater,sh_wlk_sh_2111_2_2,sh,wlk,sh,2111,2,2,-10,3,-offset_x,-offset_y,False,,,,,,
shoes_u_skater,sh_wlk_sh_2111_2_3,sh,wlk,sh,2111,2,3,-6,5,-offset_x,-offset_y,False,,,,,,
shoes_u_skater,sh_wlk_sh_2111_3_0,sh,wlk,sh,2111,3,0,-10,2,-offset_x,-offset_y,False,,,,,,
shoes_u_skater,sh_wlk_sh_2111_3_1,sh,wlk,sh,2111,3,1,-10,3,-offset_x,-offset_y,False,,,,,,
shoes_u_skater,sh_wlk_sh_2111_3_2,sh,wlk,sh,2111,3,2,-10,2,-offset_x,-offset_y,False,,,,,,
shoes_u_skater,sh_wlk_sh_2111_3_3,sh,wlk,sh,2111,3,3,-10,3,-offset_x,-offset_y,False,,,,,,
shoes_u_skater,sh_wlk_sh_2111_7_0,sh,wlk,sh,2111,7,0,-11,2,-offset_x,-offset_y,False,,,,,,
shoes_u_skater,sh_wlk_sh_2111_7_1,sh,wlk,sh,2111,7,1,-11,3,-offset_x,-offset_y,False,,,,,,
shoes_u_skater,sh_wlk_sh_2111_7_2,sh,wlk,sh,2111,7,2,-11,2,-offset_x,-offset_y,False,,,,,,
shoes_u_skater,sh_wlk_sh_2111_7_3,sh,wlk,sh,2111,7,3,-11,3,-offset_x,-offset_y,False,,,,,,
shoes_u_skater,sh_wlk_sh_2112_0_0,sh,wlk,sh,2112,0,0,-19,0,-offset_x,-offset_y,False,,,,,,
shoes_u_skater,sh_wlk_sh_2112_0_1,sh,wlk,sh,2112,0,1,-11,2,-offset_x,-offset_y,False,,,,,,
shoes_u_skater,sh_wlk_sh_2112_0_2,sh,wlk,sh,2112,0,2,-19,0,-offset_x,-offset_y,False,,,,,,
shoes_u_skater,sh_wlk_sh_2112_0_3,sh,wlk,sh,2112,0,3,-16,0,-offset_x,-offset_y,False,,,,,,
shoes_u_skater,sh_wlk_sh_2112_1_0,sh,wlk,sh,2112,1,0,-16,1,-offset_x,-offset_y,False,,,,,,
shoes_u_skater,sh_wlk_sh_2112_1_1,sh,wlk,sh,2112,1,1,-9,1,-offset_x,-offset_y,False,,,,,,
shoes_u_skater,sh_wlk_sh_2112_1_2,sh,wlk,sh,2112,1,2,-16,1,-offset_x,-offset_y,False,,,,,,
shoes_u_skater,sh_wlk_sh_2112_1_3,sh,wlk,sh,2112,1,3,-9,2,-offset_x,-offset_y,False,,,,,,
shoes_u_skater,sh_wlk_sh_2112_2_0,sh,wlk,sh,2112,2,0,-11,2,-offset_x,-offset_y,False,,,,,,
shoes_u_skater,sh_wlk_sh_2112_2_1,sh,wlk,sh,2112,2,1,-16,-1,-offset_x,-offset_y,False,,,,,,
shoes_u_skater,sh_wlk_sh_2112_2_2,sh,wlk,sh,2112,2,2,-13,0,-offset_x,-offset_y,False,,,,,,
shoes_u_skater,sh_wlk_sh_2112_2_3,sh,wlk,sh,2112,2,3,-9,2,-offset_x,-offset_y,False,,,,,,
shoes_u_skater,sh_wlk_sh_2112_3_0,sh,wlk,sh,2112,3,0,-11,1,-offset_x,-offset_y,False,,,,,,
shoes_u_skater,sh_wlk_sh_2112_3_1,sh,wlk,sh,2112,3,1,-11,2,-offset_x,-offset_y,False,,,,,,
shoes_u_skater,sh_wlk_sh_2112_3_2,sh,wlk,sh,2112,3,2,-11,1,-offset_x,-offset_y,False,,,,,,
shoes_u_skater,sh_wlk_sh_2112_3_3,sh,wlk,sh,2112,3,3,-11,2,-offset_x,-offset_y,False,,,,,,
shoes_u_skater,sh_wlk_sh_2112_7_0,sh,wlk,sh,2112,7,0,-12,1,-offset_x,-offset_y,False,,,,,,
shoes_u_skater,sh_wlk_sh_2112_7_1,sh,wlk,sh,2112,7,1,-12,2,-offset_x,-offset_y,False,,,,,,
shoes_u_skater,sh_wlk_sh_2112_7_2,sh,wlk,sh,2112,7,2,-12,1,-offset_x,-offset_y,False,,,,,,
shoes_u_skater,sh_wlk_sh_2112_7_3,sh,wlk,sh,2112,7,3,-12,2,-offset_x,-offset_y,False,,,,,,
shoes_u_skater,sh_sit_sh_2111_0_0,sh,sit,sh,2111,0,0,-21,19,-offset_x,-offset_y,False,,,,,,
shoes_u_skater,sh_sit_sh_2111_2_0,sh,sit,sh,2111,2,0,-17,12,-offset_x,-offset_y,False,,,,,,
shoes_u_skater,sh_sit_sh_2112_0_0,sh,sit,sh,2112,0,0,-23,15,-offset_x,-offset_y,False,,,,,,
shoes_u_skater,sh_sit_sh_2112_2_0,sh,sit,sh,2112,2,0,-18,11,-offset_x,-offset_y,False,,,,,,
shoes_u_skater,sh_lay_sh_2111_2_0,sh,lay,sh,2111,2,0,-17,4,-offset_x,-offset_y,False,,,,,,
shoes_u_skater,sh_lay_sh_2112_2_0,sh,lay,sh,2112,2,0,-18,3,-offset_x,-offset_y,False,,,,,,
shoes_u_skater,h_std_sh_2111_0_0,h,std,sh,2111,0,0,-20,7,-offset_x,-offset_y,True,26,13,4,0.5,0.5,100.0
shoes_u_skater,h_std_sh_2111_1_0,h,std,sh,2111,1,0,-25,6,-offset_x,-offset_y,True,19,11,4,0.5,0.5,100.0
shoes_u_skater,h_std_sh_2111_2_0,h,std,sh,2111,2,0,-23,8,-offset_x,-offset_y,True,26,15,4,0.5,0.5,100.0
shoes_u_skater,h_std_sh_2111_3_0,h,std,sh,2111,3,0,-23,3,-offset_x,-offset_y,True,21,11,4,0.5,0.5,100.0
shoes_u_skater,h_std_sh_2111_7_0,h,std,sh,2111,7,0,-23,3,-offset_x,-offset_y,True,21,9,4,0.5,0.5,100.0
shoes_u_skater,h_std_sh_2112_0_0,h,std,sh,2112,0,0,-36,4,-offset_x,-offset_y,True,7,7,4,0.5,0.5,100.0
shoes_u_skater,h_std_sh_2112_1_0,h,std,sh,2112,1,0,-31,5,-offset_x,-offset_y,True,8,7,4,0.5,0.5,100.0
shoes_u_skater,h_std_sh_2112_2_0,h,std,sh,2112,2,0,-28,7,-offset_x,-offset_y,True,16,11,4,0.5,0.5,100.0
shoes_u_skater,h_std_sh_2112_3_0,h,std,sh,2112,3,0,-24,1,-offset_x,-offset_y,True,19,3,4,0.5,0.5,100.0
shoes_u_skater,h_std_sh_2112_7_0,h,std,sh,2112,7,0,-24,1,-offset_x,-offset_y,True,19,2,4,0.5,0.5,100.0
shoes_u_skater,h_wlk_sh_2111_0_0,h,wlk,sh,2111,0,0,-20,7,-offset_x,-offset_y,True,25,13,4,0.5,0.5,100.0
shoes_u_skater,h_wlk_sh_2111_0_1,h,wlk,sh,2111,0,1,-15,7,-offset_x,-offset_y,True,40,13,4,0.5,0.5,100.0
shoes_u_skater,h_wlk_sh_2111_0_2,h,wlk,sh,2111,0,2,-21,8,-offset_x,-offset_y,True,25,14,4,0.5,0.5,100.0
shoes_u_skater,h_wlk_sh_2111_0_3,h,wlk,sh,2111,0,3,-21,7,-offset_x,-offset_y,True,22,16,4,0.5,0.5,100.0
shoes_u_skater,h_wlk_sh_2111_1_0,h,wlk,sh,2111,1,0,-24,7,-offset_x,-offset_y,True,20,13,4,0.5,0.5,100.0
shoes_u_skater,h_wlk_sh_2111_1_1,h,wlk,sh,2111,1,1,-15,6,-offset_x,-offset_y,True,39,12,4,0.5,0.5,100.0
shoes_u_skater,h_wlk_sh_2111_1_2,h,wlk,sh,2111,1,2,-23,8,-offset_x,-offset_y,True,21,13,4,0.5,0.5,100.0
shoes_u_skater,h_wlk_sh_2111_1_3,h,wlk,sh,2111,1,3,-14,7,-offset_x,-offset_y,True,40,13,4,0.5,0.5,100.0
shoes_u_skater,h_wlk_sh_2111_2_0,h,wlk,sh,2111,2,0,-21,8,-offset_x,-offset_y,True,28,15,4,0.5,0.5,100.0
shoes_u_skater,h_wlk_sh_2111_2_1,h,wlk,sh,2111,2,1,-27,4,-offset_x,-offset_y,True,18,12,4,0.5,0.5,100.0
shoes_u_skater,h_wlk_sh_2111_2_2,h,wlk,sh,2111,2,2,-23,7,-offset_x,-offset_y,True,22,14,4,0.5,0.5,100.0
shoes_u_skater,h_wlk_sh_2111_2_3,h,wlk,sh,2111,2,3,-17,11,-offset_x,-offset_y,True,37,17,4,0.5,0.5,100.0
shoes_u_skater,h_wlk_sh_2111_3_0,h,wlk,sh,2111,3,0,-24,6,-offset_x,-offset_y,True,20,14,4,0.5,0.5,100.0
shoes_u_skater,h_wlk_sh_2111_3_1,h,wlk,sh,2111,3,1,-23,7,-offset_x,-offset_y,True,20,16,4,0.5,0.5,100.0
shoes_u_skater,h_wlk_sh_2111_3_2,h,wlk,sh,2111,3,2,-23,6,-offset_x,-offset_y,True,20,14,4,0.5,0.5,100.0
shoes_u_skater,h_wlk_sh_2111_3_3,h,wlk,sh,2111,3,3,-24,7,-offset_x,-offset_y,True,20,16,4,0.5,0.5,100.0
shoes_u_skater,h_wlk_sh_2111_7_1,h,wlk,sh,2111,7,1,-23,6,-offset_x,-offset_y,True,20,12,4,0.5,0.5,100.0
shoes_u_skater,h_wlk_sh_2111_7_2,h,wlk,sh,2111,7,2,-24,5,-offset_x,-offset_y,True,20,11,4,0.5,0.5,100.0
shoes_u_skater,h_wlk_sh_2111_7_3,h,wlk,sh,2111,7,3,-24,6,-offset_x,-offset_y,True,20,12,4,0.5,0.5,100.0
shoes_u_skater,h_wlk_sh_2112_0_0,h,wlk,sh,2112,0,0,-37,2,-offset_x,-offset_y,True,5,5,4,0.5,0.5,100.0
shoes_u_skater,h_wlk_sh_2112_0_1,h,wlk,sh,2112,0,1,-23,4,-offset_x,-offset_y,True,28,7,4,0.5,0.5,100.0
shoes_u_skater,h_wlk_sh_2112_0_2,h,wlk,sh,2112,0,2,-37,4,-offset_x,-offset_y,True,6,7,4,0.5,0.5,100.0
shoes_u_skater,h_wlk_sh_2112_0_3,h,wlk,sh,2112,0,3,-30,4,-offset_x,-offset_y,True,10,10,4,0.5,0.5,100.0
shoes_u_skater,h_wlk_sh_2112_1_0,h,wlk,sh,2112,1,0,-29,4,-offset_x,-offset_y,True,10,6,4,0.5,0.5,100.0
shoes_u_skater,h_wlk_sh_2112_1_1,h,wlk,sh,2112,1,1,-21,4,-offset_x,-offset_y,True,28,6,4,0.5,0.5,100.0
shoes_u_skater,h_wlk_sh_2112_1_2,h,wlk,sh,2112,1,2,-31,3,-offset_x,-offset_y,True,8,5,4,0.5,0.5,100.0
shoes_u_skater,h_wlk_sh_2112_1_3,h,wlk,sh,2112,1,3,-20,5,-offset_x,-offset_y,True,29,8,4,0.5,0.5,100.0
shoes_u_skater,h_wlk_sh_2112_2_0,h,wlk,sh,2112,2,0,-25,7,-offset_x,-offset_y,True,20,11,4,0.5,0.5,100.0
shoes_u_skater,h_wlk_sh_2112_2_1,h,wlk,sh,2112,2,1,-32,2,-offset_x,-offset_y,True,9,7,4,0.5,0.5,100.0
shoes_u_skater,h_wlk_sh_2112_2_2,h,wlk,sh,2112,2,2,-28,6,-offset_x,-offset_y,True,13,10,4,0.5,0.5,100.0
shoes_u_skater,h_wlk_sh_2112_2_3,h,wlk,sh,2112,2,3,-21,7,-offset_x,-offset_y,True,29,10,4,0.5,0.5,100.0
shoes_u_skater,h_wlk_sh_2112_3_0,h,wlk,sh,2112,3,0,-25,3,-offset_x,-offset_y,True,18,5,4,0.5,0.5,100.0
shoes_u_skater,h_wlk_sh_2112_3_1,h,wlk,sh,2112,3,1,-24,4,-offset_x,-offset_y,True,18,7,4,0.5,0.5,100.0
shoes_u_skater,h_wlk_sh_2112_3_2,h,wlk,sh,2112,3,2,-24,3,-offset_x,-offset_y,True,18,5,4,0.5,0.5,100.0
shoes_u_skater,h_wlk_sh_2112_3_3,h,wlk,sh,2112,3,3,-25,4,-offset_x,-offset_y,True,18,7,4,0.5,0.5,100.0
shoes_u_skater,h_wlk_sh_2112_7_1,h,wlk,sh,2112,7,1,-24,4,-offset_x,-offset_y,True,18,5,4,0.5,0.5,100.0
shoes_u_skater,h_wlk_sh_2112_7_2,h,wlk,sh,2112,7,2,-25,1,-offset_x,-offset_y,True,18,5,4,0.5,0.5,100.0
shoes_u_skater,h_wlk_sh_2112_7_3,h,wlk,sh,2112,7,3,-25,4,-offset_x,-offset_y,True,18,5,4,0.5,0.5,100.0
shoes_u_skater,h_sit_sh_2111_0_0,h,sit,sh,2111,0,0,-43,37,-offset_x,-offset_y,True,17,19,4,0.5,0.5,100.0
shoes_u_skater,h_sit_sh_2111_2_0,h,sit,sh,2111,2,0,-38,22,-offset_x,-offset_y,True,22,19,4,0.5,0.5,100.0
shoes_u_skater,h_sit_sh_2112_0_0,h,sit,sh,2112,0,0,-44,32,-offset_x,-offset_y,True,13,10,4,0.5,0.5,100.0
shoes_u_skater,h_sit_sh_2112_2_0,h,sit,sh,2112,2,0,-40,19,-offset_x,-offset_y,True,19,15,4,0.5,0.5,100.0
shoes_u_skater,h_lay_sh_2111_2_0,h,lay,sh,2111,2,0,-33,8,-offset_x,-offset_y,True,22,19,4,0.5,0.5,100.0
shoes_u_skater,h_lay_sh_2112_2_0,h,lay,sh,2112,2,0,-35,5,-offset_x,-offset_y,True,19,15,4,0.5,0.5,100.0
hh_human_body,h_std_bd_1_0_0,h,std,bd,1,0,0,-20,49,-offset_x,-offset_y,True,25,56,4,0.5,0.5,100.0
hh_human_body,h_std_bd_1_1_0,h,std,bd,1,1,0,-24,49,-offset_x,-offset_y,True,20,53,4,0.5,0.5,100.0
hh_human_body,h_std_bd_1_2_0,h,std,bd,1,2,0,-22,50,-offset_x,-offset_y,True,25,57,4,0.5,0.5,100.0
hh_human_body,h_std_bd_1_3_0,h,std,bd,1,3,0,-21,50,-offset_x,-offset_y,True,24,54,4,0.5,0.5,100.0
hh_human_body,h_std_bd_1_7_0,h,std,bd,1,7,0,-22,47,-offset_x,-offset_y,True,23,51,4,0.5,0.5,100.0
hh_human_body,h_wlk_bd_1_0_0,h,wlk,bd,1,0,0,-20,49,-offset_x,-offset_y,True,23,54,4,0.5,0.5,100.0
hh_human_body,h_wlk_bd_1_0_1,h,wlk,bd,1,0,1,-14,48,-offset_x,-offset_y,True,40,55,4,0.5,0.5,100.0
hh_human_body,h_wlk_bd_1_0_2,h,wlk,bd,1,0,2,-20,49,-offset_x,-offset_y,True,25,56,4,0.5,0.5,100.0
hh_human_body,h_wlk_bd_1_0_3,h,wlk,bd,1,0,3,-20,48,-offset_x,-offset_y,True,23,56,4,0.5,0.5,100.0
hh_human_body,h_wlk_bd_1_1_0,h,wlk,bd,1,1,0,-24,49,-offset_x,-offset_y,True,20,53,4,0.5,0.5,100.0
hh_human_body,h_wlk_bd_1_1_1,h,wlk,bd,1,1,1,-15,48,-offset_x,-offset_y,True,39,53,4,0.5,0.5,100.0
hh_human_body,h_wlk_bd_1_1_2,h,wlk,bd,1,1,2,-24,49,-offset_x,-offset_y,True,17,53,4,0.5,0.5,100.0
hh_human_body,h_wlk_bd_1_1_3,h,wlk,bd,1,1,3,-15,48,-offset_x,-offset_y,True,39,53,4,0.5,0.5,100.0
hh_human_body,h_wlk_bd_1_2_0,h,wlk,bd,1,2,0,-22,52,-offset_x,-offset_y,True,25,57,4,0.5,0.5,100.0
hh_human_body,h_wlk_bd_1_2_1,h,wlk,bd,1,2,1,-23,51,-offset_x,-offset_y,True,22,58,4,0.5,0.5,100.0
hh_human_body,h_wlk_bd_1_2_2,h,wlk,bd,1,2,2,-23,52,-offset_x,-offset_y,True,22,59,4,0.5,0.5,100.0
hh_human_body,h_wlk_bd_1_2_3,h,wlk,bd,1,2,3,-17,51,-offset_x,-offset_y,True,36,57,4,0.5,0.5,100.0
hh_human_body,h_wlk_bd_1_3_0,h,wlk,bd,1,3,0,-21,50,-offset_x,-offset_y,True,24,54,4,0.5,0.5,100.0
hh_human_body,h_wlk_bd_1_3_1,h,wlk,bd,1,3,1,-21,49,-offset_x,-offset_y,True,24,55,4,0.5,0.5,100.0
hh_human_body,h_wlk_bd_1_3_2,h,wlk,bd,1,3,2,-21,50,-offset_x,-offset_y,True,24,54,4,0.5,0.5,100.0
hh_human_body,h_wlk_bd_1_3_3,h,wlk,bd,1,3,3,-21,49,-offset_x,-offset_y,True,24,55,4,0.5,0.5,100.0
hh_human_body,h_wlk_bd_1_7_0,h,wlk,bd,1,7,0,-22,47,-offset_x,-offset_y,True,23,51,4,0.5,0.5,100.0
hh_human_body,h_wlk_bd_1_7_1,h,wlk,bd,1,7,1,-22,46,-offset_x,-offset_y,True,23,52,4,0.5,0.5,100.0
hh_human_body,h_wlk_bd_1_7_2,h,wlk,bd,1,7,2,-22,47,-offset_x,-offset_y,True,23,51,4,0.5,0.5,100.0
hh_human_body,h_wlk_bd_1_7_3,h,wlk,bd,1,7,3,-22,46,-offset_x,-offset_y,True,23,52,4,0.5,0.5,100.0
hh_human_body,h_sit_bd_1_0_0,h,sit,bd,1,0,0,-20,49,-offset_x,-offset_y,True,39,38,4,0.5,0.5,100.0
hh_human_body,h_sit_bd_1_2_0,h,sit,bd,1,2,0,-22,51,-offset_x,-offset_y,True,36,49,4,0.5,0.5,100.0
hh_human_body,h_lay_bd_1_2_0,h,lay,bd,1,2,0,3,23,-offset_x,-offset_y,True,56,35,4,0.5,0.5,100.0
hh_human_body,h_std_bd_999_0_0,h,std,bd,999,0,0,-20,49,-offset_x,-offset_y,True,25,56,4,0.5,0.5,100.0
hh_human_body,h_std_bd_999_1_0,h,std,bd,999,1,0,-24,49,-offset_x,-offset_y,True,20,53,4,0.5,0.5,100.0
hh_human_body,h_std_bd_999_2_0,h,std,bd,999,2,0,-22,50,-offset_x,-offset_y,True,25,57,4,0.5,0.5,100.0
hh_human_body,h_std_bd_999_3_0,h,std,bd,999,3,0,-21,50,-offset_x,-offset_y,True,24,54,4,0.5,0.5,100.0
hh_human_body,h_std_bd_999_7_0,h,std,bd,999,7,0,-22,47,-offset_x,-offset_y,True,23,51,4,0.5,0.5,100.0
hh_human_body,h_sit_bd_999_0_0,h,sit,bd,999,0,0,-20,49,-offset_x,-offset_y,False,,,,,,
hh_human_body,h_sit_bd_999_2_0,h,sit,bd,999,2,0,-22,51,-offset_x,-offset_y,False,,,,,,
hh_human_body,h_lay_bd_999_2_0,h,lay,bd,999,2,0,3,23,-offset_x,-offset_y,False,,,,,,
hh_human_body,h_std_rh_1_0_0,h,std,rh,1,0,0,-37,43,-offset_x,-offset_y,True,11,33,4,0.5,0.5,100.0
hh_human_body,h_std_rh_1_1_0,h,std,rh,1,1,0,-27,42,-offset_x,-offset_y,True,9,29,4,0.5,0.5,100.0
hh_human_body,h_std_rh_1_2_0,h,std,rh,1,2,0,-18,44,-offset_x,-offset_y,True,9,33,4,0.5,0.5,100.0
hh_human_body,h_std_rh_1_3_0,h,std,rh,1,3,0,-17,48,-offset_x,-offset_y,True,8,33,4,0.5,0.5,100.0
hh_human_body,h_std_rh_1_7_0,h,std,rh,1,7,0,-42,45,-offset_x,-offset_y,True,8,32,4,0.5,0.5,100.0
hh_human_body,h_wlk_rh_1_0_0,h,wlk,rh,1,0,0,-36,42,-offset_x,-offset_y,True,12,30,4,0.5,0.5,100.0
hh_human_body,h_wlk_rh_1_0_1,h,wlk,rh,1,0,1,-34,42,-offset_x,-offset_y,True,12,29,4,0.5,0.5,100.0
hh_human_body,h_wlk_rh_1_0_2,h,wlk,rh,1,0,2,-36,44,-offset_x,-offset_y,True,12,32,4,0.5,0.5,100.0
hh_human_body,h_wlk_rh_1_0_3,h,wlk,rh,1,0,3,-36,42,-offset_x,-offset_y,True,15,27,4,0.5,0.5,100.0
hh_human_body,h_wlk_rh_1_1_0,h,wlk,rh,1,1,0,-27,42,-offset_x,-offset_y,True,9,28,4,0.5,0.5,100.0
hh_human_body,h_wlk_rh_1_1_1,h,wlk,rh,1,1,1,-21,42,-offset_x,-offset_y,True,13,27,4,0.5,0.5,100.0
hh_human_body,h_wlk_rh_1_1_2,h,wlk,rh,1,1,2,-27,42,-offset_x,-offset_y,True,9,28,4,0.5,0.5,100.0
hh_human_body,h_wlk_rh_1_1_3,h,wlk,rh,1,1,3,-28,40,-offset_x,-offset_y,True,18,24,4,0.5,0.5,100.0
hh_human_body,h_wlk_rh_1_2_0,h,wlk,rh,1,2,0,-18,46,-offset_x,-offset_y,True,10,35,4,0.5,0.5,100.0
hh_human_body,h_wlk_rh_1_2_1,h,wlk,rh,1,2,1,-14,45,-offset_x,-offset_y,True,13,33,4,0.5,0.5,100.0
hh_human_body,h_wlk_rh_1_2_2,h,wlk,rh,1,2,2,-18,47,-offset_x,-offset_y,True,9,36,4,0.5,0.5,100.0
hh_human_body,h_wlk_rh_1_2_3,h,wlk,rh,1,2,3,-19,46,-offset_x,-offset_y,True,15,32,4,0.5,0.5,100.0
hh_human_body,h_wlk_rh_1_3_0,h,wlk,rh,1,3,0,-17,48,-offset_x,-offset_y,True,8,33,4,0.5,0.5,100.0
hh_human_body,h_wlk_rh_1_3_1,h,wlk,rh,1,3,1,-17,46,-offset_x,-offset_y,True,8,28,4,0.5,0.5,100.0
hh_human_body,h_wlk_rh_1_3_2,h,wlk,rh,1,3,2,-17,47,-offset_x,-offset_y,True,8,32,4,0.5,0.5,100.0
hh_human_body,h_wlk_rh_1_3_3,h,wlk,rh,1,3,3,-17,46,-offset_x,-offset_y,True,8,31,4,0.5,0.5,100.0
hh_human_body,h_wlk_rh_1_7_0,h,wlk,rh,1,7,0,-43,43,-offset_x,-offset_y,True,7,30,4,0.5,0.5,100.0
hh_human_body,h_wlk_rh_1_7_1,h,wlk,rh,1,7,1,-42,43,-offset_x,-offset_y,True,8,30,4,0.5,0.5,100.0
hh_human_body,h_wlk_rh_1_7_2,h,wlk,rh,1,7,2,-42,45,-offset_x,-offset_y,True,8,32,4,0.5,0.5,100.0
hh_human_body,h_wlk_rh_1_7_3,h,wlk,rh,1,7,3,-42,43,-offset_x,-offset_y,True,8,28,4,0.5,0.5,100.0
hh_human_body,h_sit_rh_1_0_0,h,sit,rh,1,0,0,-37,44,-offset_x,-offset_y,True,11,33,4,0.5,0.5,100.0
hh_human_body,h_sit_rh_1_2_0,h,sit,rh,1,2,0,-17,45,-offset_x,-offset_y,True,10,34,4,0.5,0.5,100.0
hh_human_body,h_crr_rh_1_0_0,h,crr,rh,1,0,0,-37,44,-offset_x,-offset_y,True,22,22,4,0.5,0.5,100.0
hh_human_body,h_crr_rh_1_1_0,h,crr,rh,1,1,0,-28,41,-offset_x,-offset_y,True,23,18,4,0.5,0.5,100.0
hh_human_body,h_crr_rh_1_2_0,h,crr,rh,1,2,0,-19,47,-offset_x,-offset_y,True,21,29,4,0.5,0.5,100.0
hh_human_body,h_crr_rh_1_3_0,h,crr,rh,1,3,0,-17,48,-offset_x,-offset_y,True,12,27,4,0.5,0.5,100.0
hh_human_body,h_crr_rh_1_4_0,h,crr,rh,1,4,0,-7,46,-offset_x,-offset_y,True,17,22,4,0.5,0.5,100.0
hh_human_body,h_crr_rh_1_5_0,h,crr,rh,1,5,0,-13,47,-offset_x,-offset_y,True,22,23,4,0.5,0.5,100.0
hh_human_body,h_crr_rh_1_6_0,h,crr,rh,1,6,0,-44,46,-offset_x,-offset_y,True,5,19,4,0.5,0.5,100.0
hh_human_body,h_crr_rh_1_7_0,h,crr,rh,1,7,0,-44,45,-offset_x,-offset_y,True,6,20,4,0.5,0.5,100.0
hh_human_body,h_drk_rh_1_0_0,h,drk,rh,1,0,0,-36,59,-offset_x,-offset_y,True,18,25,4,0.5,0.5,100.0
hh_human_body,h_drk_rh_1_1_0,h,drk,rh,1,1,0,-28,55,-offset_x,-offset_y,True,26,20,4,0.5,0.5,100.0
hh_human_body,h_drk_rh_1_2_0,h,drk,rh,1,2,0,-24,51,-offset_x,-offset_y,True,25,22,4,0.5,0.5,100.0
hh_human_body,h_drk_rh_1_3_0,h,drk,rh,1,3,0,-18,48,-offset_x,-offset_y,True,18,18,4,0.5,0.5,100.0
hh_human_body,h_drk_rh_1_4_0,h,drk,rh,1,4,0,-11,54,-offset_x,-offset_y,True,15,22,4,0.5,0.5,100.0
hh_human_body,h_drk_rh_1_5_0,h,drk,rh,1,5,0,-8,55,-offset_x,-offset_y,True,26,20,4,0.5,0.5,100.0
hh_human_body,h_drk_rh_1_6_0,h,drk,rh,1,6,0,-18,58,-offset_x,-offset_y,True,27,21,4,0.5,0.5,100.0
hh_human_body,h_drk_rh_1_7_0,h,drk,rh,1,7,0,-39,49,-offset_x,-offset_y,True,9,14,4,0.5,0.5,100.0
hh_human_body,h_lay_rh_1_2_0,h,lay,rh,1,2,0,4,15,-offset_x,-offset_y,True,25,21,4,0.5,0.5,100.0
hh_human_body,h_std_lh_1_0_0,h,std,lh,1,0,0,-17,45,-offset_x,-offset_y,True,5,26,4,0.5,0.5,100.0
hh_human_body,h_std_lh_1_1_0,h,std,lh,1,1,0,-27,42,-offset_x,-offset_y,True,9,29,4,0.5,0.5,100.0
hh_human_body,h_std_lh_1_2_0,h,std,lh,1,2,0,-43,47,-offset_x,-offset_y,True,5,27,4,0.5,0.5,100.0
hh_human_body,h_std_lh_1_3_0,h,std,lh,1,3,0,-42,48,-offset_x,-offset_y,True,8,33,4,0.5,0.5,100.0
hh_human_body,h_std_lh_1_7_0,h,std,lh,1,7,0,-17,44,-offset_x,-offset_y,True,8,31,4,0.5,0.5,100.0
hh_human_body,h_wlk_lh_1_0_0,h,wlk,lh,1,0,0,-17,45,-offset_x,-offset_y,True,5,27,4,0.5,0.5,100.0
hh_human_body,h_wlk_lh_1_0_1,h,wlk,lh,1,0,1,-18,46,-offset_x,-offset_y,True,5,16,4,0.5,0.5,100.0
hh_human_body,h_wlk_lh_1_0_2,h,wlk,lh,1,0,2,-17,45,-offset_x,-offset_y,True,5,26,4,0.5,0.5,100.0
hh_human_body,h_wlk_lh_1_0_3,h,wlk,lh,1,0,3,-14,44,-offset_x,-offset_y,True,8,26,4,0.5,0.5,100.0
hh_human_body,h_wlk_lh_1_1_0,h,wlk,lh,1,1,0,-27,45,-offset_x,-offset_y,True,9,29,4,0.5,0.5,100.0
hh_human_body,h_wlk_lh_1_1_1,h,wlk,lh,1,1,1,-39,28,-offset_x,-offset_y,True,5,9,4,0.5,0.5,100.0
hh_human_body,h_wlk_lh_1_1_2,h,wlk,lh,1,1,2,-27,45,-offset_x,-offset_y,True,9,29,4,0.5,0.5,100.0
hh_human_body,h_wlk_lh_1_1_3,h,wlk,lh,1,1,3,-21,40,-offset_x,-offset_y,True,4,19,4,0.5,0.5,100.0
hh_human_body,h_wlk_lh_1_2_0,h,wlk,lh,1,2,0,-43,47,-offset_x,-offset_y,True,5,27,4,0.5,0.5,100.0
hh_human_body,h_wlk_lh_1_2_1,h,wlk,lh,1,2,1,-44,46,-offset_x,-offset_y,True,9,28,4,0.5,0.5,100.0
hh_human_body,h_wlk_lh_1_2_2,h,wlk,lh,1,2,2,-43,47,-offset_x,-offset_y,True,5,27,4,0.5,0.5,100.0
hh_human_body,h_wlk_lh_1_2_3,h,wlk,lh,1,2,3,-42,46,-offset_x,-offset_y,True,4,12,4,0.5,0.5,100.0
hh_human_body,h_wlk_lh_1_3_0,h,wlk,lh,1,3,0,-42,49,-offset_x,-offset_y,True,8,34,4,0.5,0.5,100.0
hh_human_body,h_wlk_lh_1_3_1,h,wlk,lh,1,3,1,-42,48,-offset_x,-offset_y,True,8,33,4,0.5,0.5,100.0
hh_human_body,h_wlk_lh_1_3_2,h,wlk,lh,1,3,2,-42,49,-offset_x,-offset_y,True,8,34,4,0.5,0.5,100.0
hh_human_body,h_wlk_lh_1_3_3,h,wlk,lh,1,3,3,-42,48,-offset_x,-offset_y,True,8,30,4,0.5,0.5,100.0
hh_human_body,h_wlk_lh_1_7_0,h,wlk,lh,1,7,0,-17,45,-offset_x,-offset_y,True,8,32,4,0.5,0.5,100.0
hh_human_body,h_wlk_lh_1_7_1,h,wlk,lh,1,7,1,-17,44,-offset_x,-offset_y,True,8,29,4,0.5,0.5,100.0
hh_human_body,h_wlk_lh_1_7_2,h,wlk,lh,1,7,2,-17,45,-offset_x,-offset_y,True,8,31,4,0.5,0.5,100.0
hh_human_body,h_wlk_lh_1_7_3,h,wlk,lh,1,7,3,-17,44,-offset_x,-offset_y,True,8,32,4,0.5,0.5,100.0
hh_human_body,h_sit_lh_1_0_0,h,sit,lh,1,0,0,-17,45,-offset_x,-offset_y,True,5,26,4,0.5,0.5,100.0
hh_human_body,h_sit_lh_1_2_0,h,sit,lh,1,2,0,-42,46,-offset_x,-offset_y,True,5,25,4,0.5,0.5,100.0
hh_human_body,h_wav_lh_1_0_0,h,wav,lh,1,0,0,-11,72,-offset_x,-offset_y,True,14,32,4,0.5,0.5,100.0
hh_human_body,h_wav_lh_1_0_1,h,wav,lh,1,0,1,-7,72,-offset_x,-offset_y,True,18,32,4,0.5,0.5,100.0
hh_human_body,h_wav_lh_1_1_0,h,wav,lh,1,1,0,-33,72,-offset_x,-offset_y,True,12,31,4,0.5,0.5,100.0
hh_human_body,h_wav_lh_1_1_1,h,wav,lh,1,1,1,-34,73,-offset_x,-offset_y,True,12,31,4,0.5,0.5,100.0
hh_human_body,h_wav_lh_1_2_0,h,wav,lh,1,2,0,-39,74,-offset_x,-offset_y,True,15,34,4,0.5,0.5,100.0
hh_human_body,h_wav_lh_1_2_1,h,wav,lh,1,2,1,-39,74,-offset_x,-offset_y,True,18,34,4,0.5,0.5,100.0
hh_human_body,h_wav_lh_1_3_0,h,wav,lh,1,3,0,-43,73,-offset_x,-offset_y,True,14,36,4,0.5,0.5,100.0
hh_human_body,h_wav_lh_1_3_1,h,wav,lh,1,3,1,-43,73,-offset_x,-offset_y,True,18,36,4,0.5,0.5,100.0
hh_human_body,h_wav_lh_1_4_0,h,wav,lh,1,4,0,-42,69,-offset_x,-offset_y,True,18,33,4,0.5,0.5,100.0
hh_human_body,h_wav_lh_1_4_1,h,wav,lh,1,4,1,-42,69,-offset_x,-offset_y,True,14,33,4,0.5,0.5,100.0
hh_human_body,h_wav_lh_1_5_0,h,wav,lh,1,5,0,-20,70,-offset_x,-offset_y,True,18,34,4,0.5,0.5,100.0
hh_human_body,h_wav_lh_1_5_1,h,wav,lh,1,5,1,-21,70,-offset_x,-offset_y,True,17,34,4,0.5,0.5,100.0
hh_human_body,h_wav_lh_1_6_0,h,wav,lh,1,6,0,-8,69,-offset_x,-offset_y,True,21,35,4,0.5,0.5,100.0
hh_human_body,h_wav_lh_1_6_1,h,wav,lh,1,6,1,-4,67,-offset_x,-offset_y,True,25,33,4,0.5,0.5,100.0
hh_human_body,h_wav_lh_1_7_0,h,wav,lh,1,7,0,-11,72,-offset_x,-offset_y,True,16,35,4,0.5,0.5,100.0
hh_human_body,h_wav_lh_1_7_1,h,wav,lh,1,7,1,-7,72,-offset_x,-offset_y,True,20,35,4,0.5,0.5,100.0
hh_human_body,h_lay_lh_1_2_0,h,lay,lh,1,2,0,-13,23,-offset_x,-offset_y,True,28,14,4,0.5,0.5,100.0
hh_human_body,h_crr_lh_1_0_0,h,crr,lh,1,0,0,-17,45,-offset_x,-offset_y,True,4,17,4,0.5,0.5,100.0
hh_human_body,h_crr_lh_1_1_0,h,crr,lh,1,1,0,-28,41,-offset_x,-offset_y,True,22,16,4,0.5,0.5,100.0
hh_human_body,h_crr_lh_1_2_0,h,crr,lh,1,2,0,-43,47,-offset_x,-offset_y,True,16,23,4,0.5,0.5,100.0
hh_human_body,h_crr_lh_1_3_0,h,crr,lh,1,3,0,-38,48,-offset_x,-offset_y,True,12,27,4,0.5,0.5,100.0
hh_human_body,h_crr_lh_1_7_0,h,crr,lh,1,7,0,-17,45,-offset_x,-offset_y,True,6,20,4,0.5,0.5,100.0
hh_human_body,h_std_hd_1_0_0,h,std,hd,1,0,0,-18,73,-offset_x,-offset_y,True,28,28,4,0.5,0.5,100.0
hh_human_body,h_std_hd_1_1_0,h,std,hd,1,1,0,-18,73,-offset_x,-offset_y,True,27,28,4,0.5,0.5,100.0
hh_human_body,h_std_hd_1_2_0,h,std,hd,1,2,0,-20,74,-offset_x,-offset_y,True,26,31,4,0.5,0.5,100.0
hh_human_body,h_std_hd_1_3_0,h,std,hd,1,3,0,-20,74,-offset_x,-offset_y,True,26,31,4,0.5,0.5,100.0
hh_human_body,h_std_hd_1_7_0,h,std,hd,1,7,0,-20,72,-offset_x,-offset_y,True,26,28,4,0.5,0.5,100.0
hh_human_body,h_spk_hd_1_0_0,h,spk,hd,1,0,0,-18,74,-offset_x,-offset_y,True,28,29,4,0.5,0.5,100.0
hh_human_body,h_spk_hd_1_0_1,h,spk,hd,1,0,1,-18,73,-offset_x,-offset_y,True,28,28,4,0.5,0.5,100.0
hh_human_body,h_spk_hd_1_1_0,h,spk,hd,1,1,0,-18,74,-offset_x,-offset_y,True,27,29,4,0.5,0.5,100.0
hh_human_body,h_spk_hd_1_1_1,h,spk,hd,1,1,1,-18,73,-offset_x,-offset_y,True,27,28,4,0.5,0.5,100.0
hh_human_body,h_spk_hd_1_2_0,h,spk,hd,1,2,0,-20,75,-offset_x,-offset_y,True,26,33,4,0.5,0.5,100.0
hh_human_body,h_spk_hd_1_2_1,h,spk,hd,1,2,1,-20,74,-offset_x,-offset_y,True,26,31,4,0.5,0.5,100.0
hh_human_body,h_spk_hd_1_3_0,h,spk,hd,1,3,0,-20,75,-offset_x,-offset_y,True,26,33,4,0.5,0.5,100.0
hh_human_body,h_spk_hd_1_3_1,h,spk,hd,1,3,1,-20,74,-offset_x,-offset_y,True,26,31,4,0.5,0.5,100.0
hh_human_body,h_spk_hd_1_7_0,h,spk,hd,1,7,0,-20,73,-offset_x,-offset_y,True,26,29,4,0.5,0.5,100.0
hh_human_body,h_spk_hd_1_7_1,h,spk,hd,1,7,1,-20,72,-offset_x,-offset_y,True,26,28,4,0.5,0.5,100.0
hh_human_body,h_lay_hd_1_2_0,h,lay,hd,1,2,0,20,37,-offset_x,-offset_y,True,32,25,4,0.5,0.5,100.0
hh_human_body,h_lsp_hd_1_2_0,h,lsp,hd,1,2,0,20,37,-offset_x,-offset_y,True,32,25,4,0.5,0.5,100.0
hh_human_body,h_lsp_hd_1_2_1,h,lsp,hd,1,2,1,20,37,-offset_x,-offset_y,True,32,25,4,0.5,0.5,100.0
hh_human_body,h_std_hd_2_0_0,h,std,hd,2,0,0,-18,73,-offset_x,-offset_y,True,27,28,4,0.5,0.5,100.0
hh_human_body,h_std_hd_2_1_0,h,std,hd,2,1,0,-18,73,-offset_x,-offset_y,True,27,28,4,0.5,0.5,100.0
hh_human_body,h_std_hd_2_2_0,h,std,hd,2,2,0,-20,74,-offset_x,-offset_y,True,25,31,4,0.5,0.5,100.0
hh_human_body,h_std_hd_2_3_0,h,std,hd,2,3,0,-20,74,-offset_x,-offset_y,True,26,31,4,0.5,0.5,100.0
hh_human_body,h_std_hd_2_7_0,h,std,hd,2,7,0,-20,72,-offset_x,-offset_y,True,26,28,4,0.5,0.5,100.0
hh_human_body,h_spk_hd_2_0_0,h,spk,hd,2,0,0,-18,74,-offset_x,-offset_y,True,27,29,4,0.5,0.5,100.0
hh_human_body,h_spk_hd_2_0_1,h,spk,hd,2,0,1,-18,73,-offset_x,-offset_y,True,27,28,4,0.5,0.5,100.0
hh_human_body,h_spk_hd_2_1_0,h,spk,hd,2,1,0,-18,74,-offset_x,-offset_y,True,27,29,4,0.5,0.5,100.0
hh_human_body,h_spk_hd_2_1_1,h,spk,hd,2,1,1,-18,73,-offset_x,-offset_y,True,27,28,4,0.5,0.5,100.0
hh_human_body,h_spk_hd_2_2_0,h,spk,hd,2,2,0,-20,75,-offset_x,-offset_y,True,25,32,4,0.5,0.5,100.0
hh_human_body,h_spk_hd_2_2_1,h,spk,hd,2,2,1,-20,74,-offset_x,-offset_y,True,25,31,4,0.5,0.5,100.0
hh_human_body,h_spk_hd_2_3_0,h,spk,hd,2,3,0,-20,75,-offset_x,-offset_y,True,26,34,4,0.5,0.5,100.0
hh_human_body,h_spk_hd_2_3_1,h,spk,hd,2,3,1,-20,74,-offset_x,-offset_y,True,26,32,4,0.5,0.5,100.0
hh_human_body,h_spk_hd_2_7_0,h,spk,hd,2,7,0,-20,73,-offset_x,-offset_y,True,26,29,4,0.5,0.5,100.0
hh_human_body,h_spk_hd_2_7_1,h,spk,hd,2,7,1,-20,72,-offset_x,-offset_y,True,26,28,4,0.5,0.5,100.0
hh_human_body,h_lay_hd_2_2_0,h,lay,hd,2,2,0,20,37,-offset_x,-offset_y,True,32,25,4,0.5,0.5,100.0
hh_human_body,h_lsp_hd_2_2_0,h,lsp,hd,2,2,0,20,37,-offset_x,-offset_y,True,32,25,4,0.5,0.5,100.0
hh_human_body,h_lsp_hd_2_2_1,h,lsp,hd,2,2,1,20,37,-offset_x,-offset_y,True,32,25,4,0.5,0.5,100.0
hh_human_body,h_std_hd_3_0_0,h,std,hd,3,0,0,-18,73,-offset_x,-offset_y,True,27,28,4,0.5,0.5,100.0
hh_human_body,h_std_hd_3_1_0,h,std,hd,3,1,0,-18,73,-offset_x,-offset_y,True,27,28,4,0.5,0.5,100.0
hh_human_body,h_std_hd_3_2_0,h,std,hd,3,2,0,-20,74,-offset_x,-offset_y,True,25,31,4,0.5,0.5,100.0
hh_human_body,h_std_hd_3_3_0,h,std,hd,3,3,0,-20,74,-offset_x,-offset_y,True,26,31,4,0.5,0.5,100.0
hh_human_body,h_std_hd_3_7_0,h,std,hd,3,7,0,-20,72,-offset_x,-offset_y,True,26,28,4,0.5,0.5,100.0
hh_human_body,h_spk_hd_3_0_0,h,spk,hd,3,0,0,-18,74,-offset_x,-offset_y,True,27,29,4,0.5,0.5,100.0
hh_human_body,h_spk_hd_3_0_1,h,spk,hd,3,0,1,-18,73,-offset_x,-offset_y,True,27,28,4,0.5,0.5,100.0
hh_human_body,h_spk_hd_3_1_0,h,spk,hd,3,1,0,-18,74,-offset_x,-offset_y,True,27,29,4,0.5,0.5,100.0
hh_human_body,h_spk_hd_3_1_1,h,spk,hd,3,1,1,-18,73,-offset_x,-offset_y,True,27,28,4,0.5,0.5,100.0
hh_human_body,h_spk_hd_3_2_0,h,spk,hd,3,2,0,-20,75,-offset_x,-offset_y,True,25,32,4,0.5,0.5,100.0
hh_human_body,h_spk_hd_3_2_1,h,spk,hd,3,2,1,-20,74,-offset_x,-offset_y,True,25,31,4,0.5,0.5,100.0
hh_human_body,h_spk_hd_3_3_0,h,spk,hd,3,3,0,-20,75,-offset_x,-offset_y,True,26,34,4,0.5,0.5,100.0
hh_human_body,h_spk_hd_3_3_1,h,spk,hd,3,3,1,-20,74,-offset_x,-offset_y,True,26,32,4,0.5,0.5,100.0
hh_human_body,h_spk_hd_3_7_0,h,spk,hd,3,7,0,-20,73,-offset_x,-offset_y,True,26,29,4,0.5,0.5,100.0
hh_human_body,h_spk_hd_3_7_1,h,spk,hd,3,7,1,-20,72,-offset_x,-offset_y,True,26,28,4,0.5,0.5,100.0
hh_human_body,h_lay_hd_3_2_0,h,lay,hd,3,2,0,20,37,-offset_x,-offset_y,True,32,25,4,0.5,0.5,100.0
hh_human_body,h_lsp_hd_3_2_0,h,lsp,hd,3,2,0,20,37,-offset_x,-offset_y,True,32,25,4,0.5,0.5,100.0
hh_human_body,h_lsp_hd_3_2_1,h,lsp,hd,3,2,1,20,37,-offset_x,-offset_y,True,32,25,4,0.5,0.5,100.0
hh_human_body,h_std_hd_4_0_0,h,std,hd,4,0,0,-18,73,-offset_x,-offset_y,True,27,28,4,0.5,0.5,100.0
hh_human_body,h_std_hd_4_1_0,h,std,hd,4,1,0,-18,73,-offset_x,-offset_y,True,27,28,4,0.5,0.5,100.0
hh_human_body,h_std_hd_4_2_0,h,std,hd,4,2,0,-20,74,-offset_x,-offset_y,True,25,31,4,0.5,0.5,100.0
hh_human_body,h_std_hd_4_3_0,h,std,hd,4,3,0,-20,74,-offset_x,-offset_y,True,26,31,4,0.5,0.5,100.0
hh_human_body,h_std_hd_4_7_0,h,std,hd,4,7,0,-20,72,-offset_x,-offset_y,True,26,28,4,0.5,0.5,100.0
hh_human_body,h_spk_hd_4_0_0,h,spk,hd,4,0,0,-18,74,-offset_x,-offset_y,True,27,29,4,0.5,0.5,100.0
hh_human_body,h_spk_hd_4_0_1,h,spk,hd,4,0,1,-18,73,-offset_x,-offset_y,True,27,28,4,0.5,0.5,100.0
hh_human_body,h_spk_hd_4_1_0,h,spk,hd,4,1,0,-18,74,-offset_x,-offset_y,True,27,29,4,0.5,0.5,100.0
hh_human_body,h_spk_hd_4_1_1,h,spk,hd,4,1,1,-18,73,-offset_x,-offset_y,True,27,28,4,0.5,0.5,100.0
hh_human_body,h_spk_hd_4_2_0,h,spk,hd,4,2,0,-20,75,-offset_x,-offset_y,True,25,32,4,0.5,0.5,100.0
hh_human_body,h_spk_hd_4_2_1,h,spk,hd,4,2,1,-20,74,-offset_x,-offset_y,True,25,31,4,0.5,0.5,100.0
hh_human_body,h_spk_hd_4_3_0,h,spk,hd,4,3,0,-20,75,-offset_x,-offset_y,True,26,34,4,0.5,0.5,100.0
hh_human_body,h_spk_hd_4_3_1,h,spk,hd,4,3,1,-20,74,-offset_x,-offset_y,True,26,32,4,0.5,0.5,100.0
hh_human_body,h_spk_hd_4_7_0,h,spk,hd,4,7,0,-20,73,-offset_x,-offset_y,True,26,29,4,0.5,0.5,100.0
hh_human_body,h_spk_hd_4_7_1,h,spk,hd,4,7,1,-20,72,-offset_x,-offset_y,True,26,28,4,0.5,0.5,100.0
hh_human_body,h_lay_hd_4_2_0,h,lay,hd,4,2,0,20,37,-offset_x,-offset_y,True,32,25,4,0.5,0.5,100.0
hh_human_body,h_lsp_hd_4_2_0,h,lsp,hd,4,2,0,20,37,-offset_x,-offset_y,True,32,25,4,0.5,0.5,100.0
hh_human_body,h_lsp_hd_4_2_1,h,lsp,hd,4,2,1,20,37,-offset_x,-offset_y,True,32,25,4,0.5,0.5,100.0
hh_human_body,h_std_sd_1_0_0,h,std,sd,1,0,0,-15,8,-offset_x,-offset_y,True,34,17,4,0.5,0.5,100.0
hh_human_body,h_sit_sd_1_0_0,h,sit,sd,1,0,0,-19,28,-offset_x,-offset_y,True,40,22,4,0.5,0.5,100.0
hh_human_body,h_sit_sd_1_2_0,h,sit,sd,1,2,0,-15,21,-offset_x,-offset_y,True,38,22,4,0.5,0.5,100.0
hh_human_body,h_sig_lh_1_0_0,h,sig,lh,1,0,0,-11,72,-offset_x,-offset_y,True,14,31,4,0.5,0.5,100.0
hh_human_body,h_sig_lh_1_1_0,h,sig,lh,1,1,0,-33,72,-offset_x,-offset_y,True,12,31,4,0.5,0.5,100.0
hh_human_body,h_sig_lh_1_2_0,h,sig,lh,1,2,0,-39,74,-offset_x,-offset_y,True,16,32,4,0.5,0.5,100.0
hh_human_body,h_sig_lh_1_3_0,h,sig,lh,1,3,0,-43,73,-offset_x,-offset_y,True,14,35,4,0.5,0.5,100.0
hh_human_body,h_sig_lh_1_4_0,h,sig,lh,1,4,0,-42,69,-offset_x,-offset_y,True,14,33,4,0.5,0.5,100.0
hh_human_body,h_sig_lh_1_5_0,h,sig,lh,1,5,0,-20,70,-offset_x,-offset_y,True,18,32,4,0.5,0.5,100.0
hh_human_body,h_sig_lh_1_6_0,h,sig,lh,1,6,0,-8,69,-offset_x,-offset_y,True,19,34,4,0.5,0.5,100.0
hh_human_body,h_sig_lh_1_7_0,h,sig,lh,1,7,0,-11,72,-offset_x,-offset_y,True,16,34,4,0.5,0.5,100.0
hh_human_body,h_blw_rh_1_0_0,h,blw,rh,1,0,0,-36,59,-offset_x,-offset_y,True,18,26,4,0.5,0.5,100.0
hh_human_body,h_blw_rh_1_0_1,h,blw,rh,1,0,1,-36,59,-offset_x,-offset_y,True,22,25,4,0.5,0.5,100.0
hh_human_body,h_blw_rh_1_1_0,h,blw,rh,1,1,0,-28,55,-offset_x,-offset_y,True,23,20,4,0.5,0.5,100.0
hh_human_body,h_blw_rh_1_1_1,h,blw,rh,1,1,1,-28,55,-offset_x,-offset_y,True,29,17,4,0.5,0.5,100.0
hh_human_body,h_blw_rh_1_2_0,h,blw,rh,1,2,0,-24,51,-offset_x,-offset_y,True,25,23,4,0.5,0.5,100.0
hh_human_body,h_blw_rh_1_2_1,h,blw,rh,1,2,1,-24,51,-offset_x,-offset_y,True,27,22,4,0.5,0.5,100.0
hh_human_body,h_blw_rh_1_3_0,h,blw,rh,1,3,0,-18,48,-offset_x,-offset_y,True,19,19,4,0.5,0.5,100.0
hh_human_body,h_blw_rh_1_3_1,h,blw,rh,1,3,1,-18,48,-offset_x,-offset_y,True,19,18,4,0.5,0.5,100.0
hh_human_body,h_blw_rh_1_4_0,h,blw,rh,1,4,0,-11,54,-offset_x,-offset_y,True,15,22,4,0.5,0.5,100.0
hh_human_body,h_blw_rh_1_4_1,h,blw,rh,1,4,1,-7,54,-offset_x,-offset_y,True,19,22,4,0.5,0.5,100.0
hh_human_body,h_blw_rh_1_5_0,h,blw,rh,1,5,0,-11,55,-offset_x,-offset_y,True,23,20,4,0.5,0.5,100.0
hh_human_body,h_blw_rh_1_5_1,h,blw,rh,1,5,1,-4,55,-offset_x,-offset_y,True,30,17,4,0.5,0.5,100.0
hh_human_body,h_blw_rh_1_6_0,h,blw,rh,1,6,0,-18,58,-offset_x,-offset_y,True,27,21,4,0.5,0.5,100.0
hh_human_body,h_blw_rh_1_6_1,h,blw,rh,1,6,1,-14,58,-offset_x,-offset_y,True,31,19,4,0.5,0.5,100.0
hh_human_body,h_blw_rh_1_7_0,h,blw,rh,1,7,0,-39,49,-offset_x,-offset_y,True,9,14,4,0.5,0.5,100.0
hh_human_body,h_blw_rh_1_7_1,h,blw,rh,1,7,1,-39,49,-offset_x,-offset_y,True,9,14,4,0.5,0.5,100.0
hh_human_body,h_respect_lh_1_0_0,h,respect,lh,1,0,0,-11,72,-offset_x,-offset_y,True,14,33,4,0.5,0.5,100.0
hh_human_body,h_respect_lh_1_0_1,h,respect,lh,1,0,1,-7,72,-offset_x,-offset_y,True,18,33,4,0.5,0.5,100.0
hh_human_body,h_respect_lh_1_1_0,h,respect,lh,1,1,0,-33,72,-offset_x,-offset_y,True,13,35,4,0.5,0.5,100.0
hh_human_body,h_respect_lh_1_1_1,h,respect,lh,1,1,1,-34,73,-offset_x,-offset_y,True,14,36,4,0.5,0.5,100.0
hh_human_body,h_respect_lh_1_2_0,h,respect,lh,1,2,0,-39,74,-offset_x,-offset_y,True,17,34,4,0.5,0.5,100.0
hh_human_body,h_respect_lh_1_2_1,h,respect,lh,1,2,1,-39,74,-offset_x,-offset_y,True,20,34,4,0.5,0.5,100.0
hh_human_body,h_respect_lh_1_3_0,h,respect,lh,1,3,0,-43,73,-offset_x,-offset_y,True,14,37,4,0.5,0.5,100.0
hh_human_body,h_respect_lh_1_3_1,h,respect,lh,1,3,1,-43,73,-offset_x,-offset_y,True,17,37,4,0.5,0.5,100.0
hh_human_body,h_respect_lh_1_4_0,h,respect,lh,1,4,0,-42,69,-offset_x,-offset_y,True,17,35,4,0.5,0.5,100.0
hh_human_body,h_respect_lh_1_4_1,h,respect,lh,1,4,1,-42,69,-offset_x,-offset_y,True,14,37,4,0.5,0.5,100.0
hh_human_body,h_respect_lh_1_5_0,h,respect,lh,1,5,0,-20,70,-offset_x,-offset_y,True,21,33,4,0.5,0.5,100.0
hh_human_body,h_respect_lh_1_5_1,h,respect,lh,1,5,1,-21,70,-offset_x,-offset_y,True,18,36,4,0.5,0.5,100.0
hh_human_body,h_respect_lh_1_6_0,h,respect,lh,1,6,0,-8,69,-offset_x,-offset_y,True,19,36,4,0.5,0.5,100.0
hh_human_body,h_respect_lh_1_6_1,h,respect,lh,1,6,1,-4,67,-offset_x,-offset_y,True,24,34,4,0.5,0.5,100.0
hh_human_body,h_respect_lh_1_7_0,h,respect,lh,1,7,0,-11,72,-offset_x,-offset_y,True,16,35,4,0.5,0.5,100.0
hh_human_body,h_respect_lh_1_7_1,h,respect,lh,1,7,1,-7,72,-offset_x,-offset_y,True,21,35,4,0.5,0.5,100.0
hh_human_body,h_std_hd_5_7_0,h,std,hd,5,7,0,,,,,True,26,28,4,0.5,0.5,100.0
hh_human_body,h_std_bd_2_3_0,h,std,bd,2,3,0,,,,,True,24,54,4,0.5,0.5,100.0
hh_human_body,h_std_bd_2_7_0,h,std,bd,2,7,0,,,,,True,23,51,4,0.5,0.5,100.0
hh_human_body,h_std_hd_5_0_0,h,std,hd,5,0,0,,,,,True,28,28,4,0.5,0.5,100.0
hh_human_body,h_std_hd_5_2_0,h,std,hd,5,2,0,,,,,True,26,31,4,0.5,0.5,100.0
hh_human_body,h_std_bd_2_0_0,h,std,bd,2,0,0,,,,,True,25,56,4,0.5,0.5,100.0
hh_human_body,h_std_hd_5_1_0,h,std,hd,5,1,0,,,,,True,27,28,4,0.5,0.5,100.0
hh_human_body,h_std_hd_5_3_0,h,std,hd,5,3,0,,,,,True,26,31,4,0.5,0.5,100.0
hh_human_body,h_std_bd_2_1_0,h,std,bd,2,1,0,,,,,True,20,53,4,0.5,0.5,100.0
hh_human_body,h_std_bd_2_2_0,h,std,bd,2,2,0,,,,,True,25,57,4,0.5,0.5,100.0
hh_human_face,h_std_fc_1_1_0,h,std,fc,1,1,0,-39,61,-offset_x,-offset_y,True,8,11,4,0.5,0.5,100.0
hh_human_face,h_spk_fc_1_1_0,h,spk,fc,1,1,0,-39,62,-offset_x,-offset_y,True,8,13,4,0.5,0.5,100.0
hh_human_face,h_spk_fc_1_1_1,h,spk,fc,1,1,1,-39,61,-offset_x,-offset_y,True,8,11,4,0.5,0.5,100.0
hh_human_face,h_sml_fc_1_1_0,h,sml,fc,1,1,0,-39,62,-offset_x,-offset_y,True,8,12,4,0.5,0.5,100.0
hh_human_face,h_agr_fc_1_1_0,h,agr,fc,1,1,0,-39,62,-offset_x,-offset_y,True,8,12,4,0.5,0.5,100.0
hh_human_face,h_srp_fc_1_1_0,h,srp,fc,1,1,0,-40,62,-offset_x,-offset_y,True,7,13,4,0.5,0.5,100.0
hh_human_face,h_sad_fc_1_1_0,h,sad,fc,1,1,0,-40,62,-offset_x,-offset_y,True,7,12,4,0.5,0.5,100.0
hh_human_face,h_std_fc_1_2_0,h,std,fc,1,2,0,-36,57,-offset_x,-offset_y,True,6,10,4,0.5,0.5,100.0
hh_human_face,h_spk_fc_1_2_0,h,spk,fc,1,2,0,-36,58,-offset_x,-offset_y,True,6,12,4,0.5,0.5,100.0
hh_human_face,h_spk_fc_1_2_1,h,spk,fc,1,2,1,-37,57,-offset_x,-offset_y,True,5,10,4,0.5,0.5,100.0
hh_human_face,h_sml_fc_1_2_0,h,sml,fc,1,2,0,-35,57,-offset_x,-offset_y,True,8,10,4,0.5,0.5,100.0
hh_human_face,h_agr_fc_1_2_0,h,agr,fc,1,2,0,-38,57,-offset_x,-offset_y,True,5,10,4,0.5,0.5,100.0
hh_human_face,h_srp_fc_1_2_0,h,srp,fc,1,2,0,-38,57,-offset_x,-offset_y,True,4,10,4,0.5,0.5,100.0
hh_human_face,h_sad_fc_1_2_0,h,sad,fc,1,2,0,-37,57,-offset_x,-offset_y,True,5,10,4,0.5,0.5,100.0
hh_human_face,h_std_fc_1_3_0,h,std,fc,1,3,0,-30,52,-offset_x,-offset_y,True,6,6,4,0.5,0.5,100.0
hh_human_face,h_spk_fc_1_3_0,h,spk,fc,1,3,0,-30,53,-offset_x,-offset_y,True,6,7,4,0.5,0.5,100.0
hh_human_face,h_spk_fc_1_3_1,h,spk,fc,1,3,1,-31,52,-offset_x,-offset_y,True,4,5,4,0.5,0.5,100.0
hh_human_face,h_sml_fc_1_3_0,h,sml,fc,1,3,0,-29,52,-offset_x,-offset_y,True,8,6,4,0.5,0.5,100.0
hh_human_face,h_agr_fc_1_3_0,h,agr,fc,1,3,0,-30,52,-offset_x,-offset_y,True,6,5,4,0.5,0.5,100.0
hh_human_face,h_srp_fc_1_3_0,h,srp,fc,1,3,0,-31,52,-offset_x,-offset_y,True,4,6,4,0.5,0.5,100.0
hh_human_face,h_sad_fc_1_3_0,h,sad,fc,1,3,0,-30,52,-offset_x,-offset_y,True,6,5,4,0.5,0.5,100.0
hh_human_face,h_lay_fc_1_2_0,h,lay,fc,1,2,0,1,29,-offset_x,-offset_y,True,8,7,4,0.5,0.5,100.0
hh_human_face,h_lsp_fc_1_2_0,h,lsp,fc,1,2,0,1,29,-offset_x,-offset_y,True,8,7,4,0.5,0.5,100.0
hh_human_face,h_lsp_fc_1_2_1,h,lsp,fc,1,2,1,1,29,-offset_x,-offset_y,True,7,7,4,0.5,0.5,100.0
hh_human_face,h_lsm_fc_1_2_0,h,lsm,fc,1,2,0,1,29,-offset_x,-offset_y,True,8,7,4,0.5,0.5,100.0
hh_human_face,h_lag_fc_1_2_0,h,lag,fc,1,2,0,1,29,-offset_x,-offset_y,True,8,8,4,0.5,0.5,100.0
hh_human_face,h_lsr_fc_1_2_0,h,lsr,fc,1,2,0,1,29,-offset_x,-offset_y,True,7,7,4,0.5,0.5,100.0
hh_human_face,h_lsa_fc_1_2_0,h,lsa,fc,1,2,0,1,29,-offset_x,-offset_y,True,8,8,4,0.5,0.5,100.0
hh_human_face,h_std_ey_1_1_0,h,std,ey,1,1,0,-37,61,-offset_x,-offset_y,True,4,5,4,0.5,0.5,100.0
hh_human_face,h_sml_ey_1_1_0,h,sml,ey,1,1,0,-37,61,-offset_x,-offset_y,True,4,5,4,0.5,0.5,100.0
hh_human_face,h_agr_ey_1_1_0,h,agr,ey,1,1,0,-38,61,-offset_x,-offset_y,True,4,5,4,0.5,0.5,100.0
hh_human_face,h_srp_ey_1_1_0,h,srp,ey,1,1,0,-37,62,-offset_x,-offset_y,True,4,6,4,0.5,0.5,100.0
hh_human_face,h_sad_ey_1_1_0,h,sad,ey,1,1,0,-37,62,-offset_x,-offset_y,True,4,6,4,0.5,0.5,100.0
hh_human_face,h_eyb_ey_1_1_0,h,eyb,ey,1,1,0,-37,61,-offset_x,-offset_y,True,5,4,4,0.5,0.5,100.0
hh_human_face,h_std_ey_1_2_0,h,std,ey,1,2,0,-33,62,-offset_x,-offset_y,True,10,9,4,0.5,0.5,100.0
hh_human_face,h_sml_ey_1_2_0,h,sml,ey,1,2,0,-33,62,-offset_x,-offset_y,True,10,9,4,0.5,0.5,100.0
hh_human_face,h_agr_ey_1_2_0,h,agr,ey,1,2,0,-33,62,-offset_x,-offset_y,True,10,9,4,0.5,0.5,100.0
hh_human_face,h_srp_ey_1_2_0,h,srp,ey,1,2,0,-33,63,-offset_x,-offset_y,True,10,10,4,0.5,0.5,100.0
hh_human_face,h_sad_ey_1_2_0,h,sad,ey,1,2,0,-33,61,-offset_x,-offset_y,True,11,8,4,0.5,0.5,100.0
hh_human_face,h_eyb_ey_1_2_0,h,eyb,ey,1,2,0,-33,62,-offset_x,-offset_y,True,11,9,4,0.5,0.5,100.0
hh_human_face,h_std_ey_1_3_0,h,std,ey,1,3,0,-26,58,-offset_x,-offset_y,True,14,5,4,0.5,0.5,100.0
hh_human_face,h_sml_ey_1_3_0,h,sml,ey,1,3,0,-26,58,-offset_x,-offset_y,True,14,5,4,0.5,0.5,100.0
hh_human_face,h_agr_ey_1_3_0,h,agr,ey,1,3,0,-27,59,-offset_x,-offset_y,True,12,6,4,0.5,0.5,100.0
hh_human_face,h_srp_ey_1_3_0,h,srp,ey,1,3,0,-26,59,-offset_x,-offset_y,True,14,6,4,0.5,0.5,100.0
hh_human_face,h_sad_ey_1_3_0,h,sad,ey,1,3,0,-26,59,-offset_x,-offset_y,True,14,6,4,0.5,0.5,100.0
hh_human_face,h_eyb_ey_1_3_0,h,eyb,ey,1,3,0,-26,58,-offset_x,-offset_y,True,14,5,4,0.5,0.5,100.0
hh_human_face,h_lay_ey_1_2_0,h,lay,ey,1,2,0,8,32,-offset_x,-offset_y,True,11,8,4,0.5,0.5,100.0
hh_human_face,h_lsm_ey_1_2_0,h,lsm,ey,1,2,0,8,32,-offset_x,-offset_y,True,11,8,4,0.5,0.5,100.0
hh_human_face,h_lag_ey_1_2_0,h,lag,ey,1,2,0,9,32,-offset_x,-offset_y,True,12,8,4,0.5,0.5,100.0
hh_human_face,h_lsr_ey_1_2_0,h,lsr,ey,1,2,0,9,32,-offset_x,-offset_y,True,12,8,4,0.5,0.5,100.0
hh_human_face,h_lsa_ey_1_2_0,h,lsa,ey,1,2,0,8,32,-offset_x,-offset_y,True,11,8,4,0.5,0.5,100.0
hh_human_face,h_ley_ey_1_2_0,h,ley,ey,1,2,0,8,32,-offset_x,-offset_y,True,11,8,4,0.5,0.5,100.0
hh_human_face,h_std_ey_3_1_0,h,std,ey,3,1,0,-37,61,-offset_x,-offset_y,True,5,5,4,0.5,0.5,100.0
hh_human_face,h_sml_ey_3_1_0,h,sml,ey,3,1,0,-37,61,-offset_x,-offset_y,True,5,5,4,0.5,0.5,100.0
hh_human_face,h_agr_ey_3_1_0,h,agr,ey,3,1,0,-37,62,-offset_x,-offset_y,True,5,6,4,0.5,0.5,100.0
hh_human_face,h_srp_ey_3_1_0,h,srp,ey,3,1,0,-37,62,-offset_x,-offset_y,True,5,6,4,0.5,0.5,100.0
hh_human_face,h_sad_ey_3_1_0,h,sad,ey,3,1,0,-37,61,-offset_x,-offset_y,True,5,5,4,0.5,0.5,100.0
hh_human_face,h_eyb_ey_3_1_0,h,eyb,ey,3,1,0,-37,61,-offset_x,-offset_y,True,5,4,4,0.5,0.5,100.0
hh_human_face,h_std_ey_3_2_0,h,std,ey,3,2,0,-32,62,-offset_x,-offset_y,True,11,10,4,0.5,0.5,100.0
hh_human_face,h_sml_ey_3_2_0,h,sml,ey,3,2,0,-32,62,-offset_x,-offset_y,True,11,10,4,0.5,0.5,100.0
hh_human_face,h_agr_ey_3_2_0,h,agr,ey,3,2,0,-32,63,-offset_x,-offset_y,True,11,11,4,0.5,0.5,100.0
hh_human_face,h_srp_ey_3_2_0,h,srp,ey,3,2,0,-32,63,-offset_x,-offset_y,True,11,11,4,0.5,0.5,100.0
hh_human_face,h_sad_ey_3_2_0,h,sad,ey,3,2,0,-32,62,-offset_x,-offset_y,True,12,10,4,0.5,0.5,100.0
hh_human_face,h_eyb_ey_3_2_0,h,eyb,ey,3,2,0,-32,61,-offset_x,-offset_y,True,11,9,4,0.5,0.5,100.0
hh_human_face,h_std_ey_3_3_0,h,std,ey,3,3,0,-26,59,-offset_x,-offset_y,True,14,6,4,0.5,0.5,100.0
hh_human_face,h_sml_ey_3_3_0,h,sml,ey,3,3,0,-26,59,-offset_x,-offset_y,True,14,6,4,0.5,0.5,100.0
hh_human_face,h_agr_ey_3_3_0,h,agr,ey,3,3,0,-26,60,-offset_x,-offset_y,True,14,7,4,0.5,0.5,100.0
hh_human_face,h_srp_ey_3_3_0,h,srp,ey,3,3,0,-26,60,-offset_x,-offset_y,True,14,7,4,0.5,0.5,100.0
hh_human_face,h_sad_ey_3_3_0,h,sad,ey,3,3,0,-26,59,-offset_x,-offset_y,True,14,6,4,0.5,0.5,100.0
hh_human_face,h_eyb_ey_3_3_0,h,eyb,ey,3,3,0,-26,59,-offset_x,-offset_y,True,14,6,4,0.5,0.5,100.0
hh_human_face,h_lay_ey_3_2_0,h,lay,ey,3,2,0,8,32,-offset_x,-offset_y,True,10,8,4,0.5,0.5,100.0
hh_human_face,h_lsm_ey_3_2_0,h,lsm,ey,3,2,0,8,32,-offset_x,-offset_y,True,10,8,4,0.5,0.5,100.0
hh_human_face,h_lag_ey_3_2_0,h,lag,ey,3,2,0,9,32,-offset_x,-offset_y,True,11,8,4,0.5,0.5,100.0
hh_human_face,h_lsr_ey_3_2_0,h,lsr,ey,3,2,0,9,32,-offset_x,-offset_y,True,11,8,4,0.5,0.5,100.0
hh_human_face,h_lsa_ey_3_2_0,h,lsa,ey,3,2,0,8,32,-offset_x,-offset_y,True,11,8,4,0.5,0.5,100.0
hh_human_face,h_ley_ey_3_2_0,h,ley,ey,3,2,0,8,32,-offset_x,-offset_y,True,11,8,4,0.5,0.5,100.0
hh_human_face,h_std_ey_4_1_0,h,std,ey,4,1,0,-37,61,-offset_x,-offset_y,True,5,4,4,0.5,0.5,100.0
hh_human_face,h_sml_ey_4_1_0,h,sml,ey,4,1,0,-37,62,-offset_x,-offset_y,True,6,5,4,0.5,0.5,100.0
hh_human_face,h_agr_ey_4_1_0,h,agr,ey,4,1,0,-37,61,-offset_x,-offset_y,True,6,5,4,0.5,0.5,100.0
hh_human_face,h_srp_ey_4_1_0,h,srp,ey,4,1,0,-37,62,-offset_x,-offset_y,True,5,6,4,0.5,0.5,100.0
hh_human_face,h_sad_ey_4_1_0,h,sad,ey,4,1,0,-37,63,-offset_x,-offset_y,True,6,7,4,0.5,0.5,100.0
hh_human_face,h_eyb_ey_4_1_0,h,eyb,ey,4,1,0,-38,60,-offset_x,-offset_y,True,4,4,4,0.5,0.5,100.0
hh_human_face,h_std_ey_4_2_0,h,std,ey,4,2,0,-33,61,-offset_x,-offset_y,True,11,7,4,0.5,0.5,100.0
hh_human_face,h_sml_ey_4_2_0,h,sml,ey,4,2,0,-32,61,-offset_x,-offset_y,True,12,8,4,0.5,0.5,100.0
hh_human_face,h_agr_ey_4_2_0,h,agr,ey,4,2,0,-33,62,-offset_x,-offset_y,True,11,8,4,0.5,0.5,100.0
hh_human_face,h_srp_ey_4_2_0,h,srp,ey,4,2,0,-33,61,-offset_x,-offset_y,True,11,8,4,0.5,0.5,100.0
hh_human_face,h_sad_ey_4_2_0,h,sad,ey,4,2,0,-33,61,-offset_x,-offset_y,True,11,7,4,0.5,0.5,100.0
hh_human_face,h_eyb_ey_4_2_0,h,eyb,ey,4,2,0,-33,61,-offset_x,-offset_y,True,11,8,4,0.5,0.5,100.0
hh_human_face,h_std_ey_4_3_0,h,std,ey,4,3,0,-25,57,-offset_x,-offset_y,True,16,3,4,0.5,0.5,100.0
hh_human_face,h_sml_ey_4_3_0,h,sml,ey,4,3,0,-25,57,-offset_x,-offset_y,True,16,4,4,0.5,0.5,100.0
hh_human_face,h_agr_ey_4_3_0,h,agr,ey,4,3,0,-25,58,-offset_x,-offset_y,True,16,4,4,0.5,0.5,100.0
hh_human_face,h_srp_ey_4_3_0,h,srp,ey,4,3,0,-25,59,-offset_x,-offset_y,True,16,5,4,0.5,0.5,100.0
hh_human_face,h_sad_ey_4_3_0,h,sad,ey,4,3,0,-25,58,-offset_x,-offset_y,True,16,4,4,0.5,0.5,100.0
hh_human_face,h_eyb_ey_4_3_0,h,eyb,ey,4,3,0,-26,57,-offset_x,-offset_y,True,14,3,4,0.5,0.5,100.0
hh_human_face,h_lay_ey_4_2_0,h,lay,ey,4,2,0,7,32,-offset_x,-offset_y,True,9,8,4,0.5,0.5,100.0
hh_human_face,h_lsm_ey_4_2_0,h,lsm,ey,4,2,0,7,32,-offset_x,-offset_y,True,9,8,4,0.5,0.5,100.0
hh_human_face,h_lag_ey_4_2_0,h,lag,ey,4,2,0,7,32,-offset_x,-offset_y,True,9,8,4,0.5,0.5,100.0
hh_human_face,h_lsr_ey_4_2_0,h,lsr,ey,4,2,0,7,32,-offset_x,-offset_y,True,9,8,4,0.5,0.5,100.0
hh_human_face,h_lsa_ey_4_2_0,h,lsa,ey,4,2,0,7,32,-offset_x,-offset_y,True,9,8,4,0.5,0.5,100.0
hh_human_face,h_ley_ey_4_2_0,h,ley,ey,4,2,0,6,31,-offset_x,-offset_y,True,10,8,4,0.5,0.5,100.0
hh_human_face,h_std_ey_6_1_0,h,std,ey,6,1,0,-37,62,-offset_x,-offset_y,True,5,5,4,0.5,0.5,100.0
hh_human_face,h_sml_ey_6_1_0,h,sml,ey,6,1,0,-37,62,-offset_x,-offset_y,True,4,5,4,0.5,0.5,100.0
hh_human_face,h_agr_ey_6_1_0,h,agr,ey,6,1,0,-37,62,-offset_x,-offset_y,True,5,5,4,0.5,0.5,100.0
hh_human_face,h_srp_ey_6_1_0,h,srp,ey,6,1,0,-37,63,-offset_x,-offset_y,True,4,6,4,0.5,0.5,100.0
hh_human_face,h_sad_ey_6_1_0,h,sad,ey,6,1,0,-37,62,-offset_x,-offset_y,True,4,5,4,0.5,0.5,100.0
hh_human_face,h_eyb_ey_6_1_0,h,eyb,ey,6,1,0,-37,62,-offset_x,-offset_y,True,5,5,4,0.5,0.5,100.0
hh_human_face,h_std_ey_6_2_0,h,std,ey,6,2,0,-32,63,-offset_x,-offset_y,True,12,8,4,0.5,0.5,100.0
hh_human_face,h_sml_ey_6_2_0,h,sml,ey,6,2,0,-32,63,-offset_x,-offset_y,True,12,8,4,0.5,0.5,100.0
hh_human_face,h_agr_ey_6_2_0,h,agr,ey,6,2,0,-32,63,-offset_x,-offset_y,True,12,8,4,0.5,0.5,100.0
hh_human_face,h_srp_ey_6_2_0,h,srp,ey,6,2,0,-32,64,-offset_x,-offset_y,True,12,9,4,0.5,0.5,100.0
hh_human_face,h_sad_ey_6_2_0,h,sad,ey,6,2,0,-32,63,-offset_x,-offset_y,True,12,8,4,0.5,0.5,100.0
hh_human_face,h_eyb_ey_6_2_0,h,eyb,ey,6,2,0,-32,63,-offset_x,-offset_y,True,12,8,4,0.5,0.5,100.0
hh_human_face,h_std_ey_6_3_0,h,std,ey,6,3,0,-26,60,-offset_x,-offset_y,True,14,5,4,0.5,0.5,100.0
hh_human_face,h_sml_ey_6_3_0,h,sml,ey,6,3,0,-26,60,-offset_x,-offset_y,True,14,5,4,0.5,0.5,100.0
hh_human_face,h_agr_ey_6_3_0,h,agr,ey,6,3,0,-27,60,-offset_x,-offset_y,True,12,5,4,0.5,0.5,100.0
hh_human_face,h_srp_ey_6_3_0,h,srp,ey,6,3,0,-27,61,-offset_x,-offset_y,True,12,6,4,0.5,0.5,100.0
hh_human_face,h_sad_ey_6_3_0,h,sad,ey,6,3,0,-27,60,-offset_x,-offset_y,True,12,5,4,0.5,0.5,100.0
hh_human_face,h_eyb_ey_6_3_0,h,eyb,ey,6,3,0,-27,60,-offset_x,-offset_y,True,12,5,4,0.5,0.5,100.0
hh_human_face,h_lay_ey_6_2_0,h,lay,ey,6,2,0,9,33,-offset_x,-offset_y,True,11,8,4,0.5,0.5,100.0
hh_human_face,h_lsm_ey_6_2_0,h,lsm,ey,6,2,0,9,33,-offset_x,-offset_y,True,11,8,4,0.5,0.5,100.0
hh_human_face,h_lag_ey_6_2_0,h,lag,ey,6,2,0,9,34,-offset_x,-offset_y,True,11,9,4,0.5,0.5,100.0
hh_human_face,h_lsr_ey_6_2_0,h,lsr,ey,6,2,0,9,33,-offset_x,-offset_y,True,11,8,4,0.5,0.5,100.0
hh_human_face,h_lsa_ey_6_2_0,h,lsa,ey,6,2,0,9,33,-offset_x,-offset_y,True,11,8,4,0.5,0.5,100.0
hh_human_face,h_ley_ey_6_2_0,h,ley,ey,6,2,0,9,33,-offset_x,-offset_y,True,11,8,4,0.5,0.5,100.0
hh_human_face,h_std_ey_2_1_0,h,std,ey,2,1,0,-37,62,-offset_x,-offset_y,True,5,6,4,0.5,0.5,100.0
hh_human_face,h_sml_ey_2_1_0,h,sml,ey,2,1,0,-37,62,-offset_x,-offset_y,True,5,6,4,0.5,0.5,100.0
hh_human_face,h_agr_ey_2_1_0,h,agr,ey,2,1,0,-37,60,-offset_x,-offset_y,True,5,4,4,0.5,0.5,100.0
hh_human_face,h_srp_ey_2_1_0,h,srp,ey,2,1,0,-37,63,-offset_x,-offset_y,True,5,7,4,0.5,0.5,100.0
hh_human_face,h_sad_ey_2_1_0,h,sad,ey,2,1,0,-37,62,-offset_x,-offset_y,True,5,6,4,0.5,0.5,100.0
hh_human_face,h_eyb_ey_2_1_0,h,eyb,ey,2,1,0,-37,62,-offset_x,-offset_y,True,6,5,4,0.5,0.5,100.0
hh_human_face,h_std_ey_2_2_0,h,std,ey,2,2,0,-33,62,-offset_x,-offset_y,True,10,9,4,0.5,0.5,100.0
hh_human_face,h_sml_ey_2_2_0,h,sml,ey,2,2,0,-33,62,-offset_x,-offset_y,True,10,9,4,0.5,0.5,100.0
hh_human_face,h_agr_ey_2_2_0,h,agr,ey,2,2,0,-32,62,-offset_x,-offset_y,True,12,9,4,0.5,0.5,100.0
hh_human_face,h_srp_ey_2_2_0,h,srp,ey,2,2,0,-32,63,-offset_x,-offset_y,True,12,10,4,0.5,0.5,100.0
hh_human_face,h_sad_ey_2_2_0,h,sad,ey,2,2,0,-32,62,-offset_x,-offset_y,True,12,9,4,0.5,0.5,100.0
hh_human_face,h_eyb_ey_2_2_0,h,eyb,ey,2,2,0,-33,62,-offset_x,-offset_y,True,11,9,4,0.5,0.5,100.0
hh_human_face,h_std_ey_2_3_0,h,std,ey,2,3,0,-26,59,-offset_x,-offset_y,True,14,6,4,0.5,0.5,100.0
hh_human_face,h_sml_ey_2_3_0,h,sml,ey,2,3,0,-26,59,-offset_x,-offset_y,True,14,6,4,0.5,0.5,100.0
hh_human_face,h_agr_ey_2_3_0,h,agr,ey,2,3,0,-26,60,-offset_x,-offset_y,True,14,7,4,0.5,0.5,100.0
hh_human_face,h_srp_ey_2_3_0,h,srp,ey,2,3,0,-26,60,-offset_x,-offset_y,True,14,7,4,0.5,0.5,100.0
hh_human_face,h_sad_ey_2_3_0,h,sad,ey,2,3,0,-25,59,-offset_x,-offset_y,True,16,6,4,0.5,0.5,100.0
hh_human_face,h_eyb_ey_2_3_0,h,eyb,ey,2,3,0,-26,59,-offset_x,-offset_y,True,14,6,4,0.5,0.5,100.0
hh_human_face,h_lay_ey_2_2_0,h,lay,ey,2,2,0,9,33,-offset_x,-offset_y,True,12,9,4,0.5,0.5,100.0
hh_human_face,h_lsm_ey_2_2_0,h,lsm,ey,2,2,0,9,33,-offset_x,-offset_y,True,12,9,4,0.5,0.5,100.0
hh_human_face,h_lag_ey_2_2_0,h,lag,ey,2,2,0,9,33,-offset_x,-offset_y,True,12,9,4,0.5,0.5,100.0
hh_human_face,h_lsr_ey_2_2_0,h,lsr,ey,2,2,0,9,32,-offset_x,-offset_y,True,12,8,4,0.5,0.5,100.0
hh_human_face,h_lsa_ey_2_2_0,h,lsa,ey,2,2,0,9,32,-offset_x,-offset_y,True,12,8,4,0.5,0.5,100.0
hh_human_face,h_ley_ey_2_2_0,h,ley,ey,2,2,0,9,33,-offset_x,-offset_y,True,12,9,4,0.5,0.5,100.0
hh_human_face,h_std_ey_5_1_0,h,std,ey,5,1,0,-38,62,-offset_x,-offset_y,True,5,6,4,0.5,0.5,100.0
hh_human_face,h_sml_ey_5_1_0,h,sml,ey,5,1,0,-38,62,-offset_x,-offset_y,True,5,6,4,0.5,0.5,100.0
hh_human_face,h_agr_ey_5_1_0,h,agr,ey,5,1,0,-37,62,-offset_x,-offset_y,True,6,6,4,0.5,0.5,100.0
hh_human_face,h_srp_ey_5_1_0,h,srp,ey,5,1,0,-38,63,-offset_x,-offset_y,True,5,7,4,0.5,0.5,100.0
hh_human_face,h_sad_ey_5_1_0,h,sad,ey,5,1,0,-38,63,-offset_x,-offset_y,True,5,7,4,0.5,0.5,100.0
hh_human_face,h_eyb_ey_5_1_0,h,eyb,ey,5,1,0,-38,62,-offset_x,-offset_y,True,4,6,4,0.5,0.5,100.0
hh_human_face,h_std_ey_5_2_0,h,std,ey,5,2,0,-32,62,-offset_x,-offset_y,True,12,9,4,0.5,0.5,100.0
hh_human_face,h_sml_ey_5_2_0,h,sml,ey,5,2,0,-32,62,-offset_x,-offset_y,True,12,10,4,0.5,0.5,100.0
hh_human_face,h_agr_ey_5_2_0,h,agr,ey,5,2,0,-31,62,-offset_x,-offset_y,True,13,9,4,0.5,0.5,100.0
hh_human_face,h_srp_ey_5_2_0,h,srp,ey,5,2,0,-32,63,-offset_x,-offset_y,True,12,10,4,0.5,0.5,100.0
hh_human_face,h_sad_ey_5_2_0,h,sad,ey,5,2,0,-32,61,-offset_x,-offset_y,True,12,8,4,0.5,0.5,100.0
hh_human_face,h_eyb_ey_5_2_0,h,eyb,ey,5,2,0,-32,62,-offset_x,-offset_y,True,12,9,4,0.5,0.5,100.0
hh_human_face,h_std_ey_5_3_0,h,std,ey,5,3,0,-25,59,-offset_x,-offset_y,True,16,5,4,0.5,0.5,100.0
hh_human_face,h_sml_ey_5_3_0,h,sml,ey,5,3,0,-25,59,-offset_x,-offset_y,True,16,5,4,0.5,0.5,100.0
hh_human_face,h_agr_ey_5_3_0,h,agr,ey,5,3,0,-25,59,-offset_x,-offset_y,True,16,5,4,0.5,0.5,100.0
hh_human_face,h_srp_ey_5_3_0,h,srp,ey,5,3,0,-25,60,-offset_x,-offset_y,True,16,6,4,0.5,0.5,100.0
hh_human_face,h_sad_ey_5_3_0,h,sad,ey,5,3,0,-25,59,-offset_x,-offset_y,True,16,5,4,0.5,0.5,100.0
hh_human_face,h_eyb_ey_5_3_0,h,eyb,ey,5,3,0,-25,59,-offset_x,-offset_y,True,16,5,4,0.5,0.5,100.0
hh_human_face,h_lay_ey_5_2_0,h,lay,ey,5,2,0,8,32,-offset_x,-offset_y,True,10,8,4,0.5,0.5,100.0
hh_human_face,h_lsm_ey_5_2_0,h,lsm,ey,5,2,0,8,32,-offset_x,-offset_y,True,10,8,4,0.5,0.5,100.0
hh_human_face,h_lag_ey_5_2_0,h,lag,ey,5,2,0,9,32,-offset_x,-offset_y,True,11,8,4,0.5,0.5,100.0
hh_human_face,h_lsr_ey_5_2_0,h,lsr,ey,5,2,0,9,32,-offset_x,-offset_y,True,11,8,4,0.5,0.5,100.0
hh_human_face,h_lsa_ey_5_2_0,h,lsa,ey,5,2,0,8,32,-offset_x,-offset_y,True,11,8,4,0.5,0.5,100.0
hh_human_face,h_ley_ey_5_2_0,h,ley,ey,5,2,0,8,32,-offset_x,-offset_y,True,11,8,4,0.5,0.5,100.0
hh_human_face,h_std_ey_7_1_0,h,std,ey,7,1,0,-36,62,-offset_x,-offset_y,True,5,5,4,0.5,0.5,100.0
hh_human_face,h_sml_ey_7_1_0,h,sml,ey,7,1,0,-36,62,-offset_x,-offset_y,True,5,5,4,0.5,0.5,100.0
hh_human_face,h_agr_ey_7_1_0,h,agr,ey,7,1,0,-36,62,-offset_x,-offset_y,True,5,5,4,0.5,0.5,100.0
hh_human_face,h_srp_ey_7_1_0,h,srp,ey,7,1,0,-36,63,-offset_x,-offset_y,True,5,6,4,0.5,0.5,100.0
hh_human_face,h_sad_ey_7_1_0,h,sad,ey,7,1,0,-36,63,-offset_x,-offset_y,True,5,6,4,0.5,0.5,100.0
hh_human_face,h_eyb_ey_7_1_0,h,eyb,ey,7,1,0,-36,62,-offset_x,-offset_y,True,5,5,4,0.5,0.5,100.0
hh_human_face,h_std_ey_7_2_0,h,std,ey,7,2,0,-32,63,-offset_x,-offset_y,True,12,8,4,0.5,0.5,100.0
hh_human_face,h_sml_ey_7_2_0,h,sml,ey,7,2,0,-32,63,-offset_x,-offset_y,True,12,8,4,0.5,0.5,100.0
hh_human_face,h_agr_ey_7_2_0,h,agr,ey,7,2,0,-32,63,-offset_x,-offset_y,True,12,8,4,0.5,0.5,100.0
hh_human_face,h_srp_ey_7_2_0,h,srp,ey,7,2,0,-32,64,-offset_x,-offset_y,True,12,9,4,0.5,0.5,100.0
hh_human_face,h_sad_ey_7_2_0,h,sad,ey,7,2,0,-32,63,-offset_x,-offset_y,True,12,8,4,0.5,0.5,100.0
hh_human_face,h_eyb_ey_7_2_0,h,eyb,ey,7,2,0,-32,63,-offset_x,-offset_y,True,12,8,4,0.5,0.5,100.0
hh_human_face,h_std_ey_7_3_0,h,std,ey,7,3,0,-26,60,-offset_x,-offset_y,True,14,5,4,0.5,0.5,100.0
hh_human_face,h_sml_ey_7_3_0,h,sml,ey,7,3,0,-26,60,-offset_x,-offset_y,True,14,5,4,0.5,0.5,100.0
hh_human_face,h_agr_ey_7_3_0,h,agr,ey,7,3,0,-26,60,-offset_x,-offset_y,True,14,5,4,0.5,0.5,100.0
hh_human_face,h_srp_ey_7_3_0,h,srp,ey,7,3,0,-26,61,-offset_x,-offset_y,True,14,6,4,0.5,0.5,100.0
hh_human_face,h_sad_ey_7_3_0,h,sad,ey,7,3,0,-27,60,-offset_x,-offset_y,True,12,5,4,0.5,0.5,100.0
hh_human_face,h_eyb_ey_7_3_0,h,eyb,ey,7,3,0,-26,60,-offset_x,-offset_y,True,14,5,4,0.5,0.5,100.0
hh_human_face,h_lay_ey_7_2_0,h,lay,ey,7,2,0,9,33,-offset_x,-offset_y,True,11,8,4,0.5,0.5,100.0
hh_human_face,h_lsm_ey_7_2_0,h,lsm,ey,7,2,0,9,33,-offset_x,-offset_y,True,11,8,4,0.5,0.5,100.0
hh_human_face,h_lag_ey_7_2_0,h,lag,ey,7,2,0,9,34,-offset_x,-offset_y,True,11,9,4,0.5,0.5,100.0
hh_human_face,h_lsr_ey_7_2_0,h,lsr,ey,7,2,0,9,33,-offset_x,-offset_y,True,11,8,4,0.5,0.5,100.0
hh_human_face,h_lsa_ey_7_2_0,h,lsa,ey,7,2,0,9,33,-offset_x,-offset_y,True,11,8,4,0.5,0.5,100.0
hh_human_face,h_ley_ey_7_2_0,h,ley,ey,7,2,0,9,33,-offset_x,-offset_y,True,11,8,4,0.5,0.5,100.0
hh_human_face,h_std_ey_8_1_0,h,std,ey,8,1,0,-37,62,-offset_x,-offset_y,True,5,6,4,0.5,0.5,100.0
hh_human_face,h_sml_ey_8_1_0,h,sml,ey,8,1,0,-37,62,-offset_x,-offset_y,True,5,6,4,0.5,0.5,100.0
hh_human_face,h_agr_ey_8_1_0,h,agr,ey,8,1,0,-37,62,-offset_x,-offset_y,True,5,6,4,0.5,0.5,100.0
hh_human_face,h_srp_ey_8_1_0,h,srp,ey,8,1,0,-37,63,-offset_x,-offset_y,True,5,7,4,0.5,0.5,100.0
hh_human_face,h_sad_ey_8_1_0,h,sad,ey,8,1,0,-37,62,-offset_x,-offset_y,True,5,6,4,0.5,0.5,100.0
hh_human_face,h_eyb_ey_8_1_0,h,eyb,ey,8,1,0,-37,62,-offset_x,-offset_y,True,5,6,4,0.5,0.5,100.0
hh_human_face,h_std_ey_8_2_0,h,std,ey,8,2,0,-32,63,-offset_x,-offset_y,True,12,11,4,0.5,0.5,100.0
hh_human_face,h_sml_ey_8_2_0,h,sml,ey,8,2,0,-32,63,-offset_x,-offset_y,True,12,11,4,0.5,0.5,100.0
hh_human_face,h_agr_ey_8_2_0,h,agr,ey,8,2,0,-32,63,-offset_x,-offset_y,True,12,11,4,0.5,0.5,100.0
hh_human_face,h_srp_ey_8_2_0,h,srp,ey,8,2,0,-32,64,-offset_x,-offset_y,True,12,12,4,0.5,0.5,100.0
hh_human_face,h_sad_ey_8_2_0,h,sad,ey,8,2,0,-32,61,-offset_x,-offset_y,True,12,9,4,0.5,0.5,100.0
hh_human_face,h_eyb_ey_8_2_0,h,eyb,ey,8,2,0,-32,63,-offset_x,-offset_y,True,12,10,4,0.5,0.5,100.0
hh_human_face,h_std_ey_8_3_0,h,std,ey,8,3,0,-25,59,-offset_x,-offset_y,True,16,6,4,0.5,0.5,100.0
hh_human_face,h_sml_ey_8_3_0,h,sml,ey,8,3,0,-25,59,-offset_x,-offset_y,True,16,6,4,0.5,0.5,100.0
hh_human_face,h_agr_ey_8_3_0,h,agr,ey,8,3,0,-25,59,-offset_x,-offset_y,True,16,6,4,0.5,0.5,100.0
hh_human_face,h_srp_ey_8_3_0,h,srp,ey,8,3,0,-25,60,-offset_x,-offset_y,True,16,7,4,0.5,0.5,100.0
hh_human_face,h_sad_ey_8_3_0,h,sad,ey,8,3,0,-25,59,-offset_x,-offset_y,True,16,6,4,0.5,0.5,100.0
hh_human_face,h_eyb_ey_8_3_0,h,eyb,ey,8,3,0,-25,59,-offset_x,-offset_y,True,16,6,4,0.5,0.5,100.0
hh_human_face,h_lay_ey_8_2_0,h,lay,ey,8,2,0,8,32,-offset_x,-offset_y,True,11,8,4,0.5,0.5,100.0
hh_human_face,h_lsm_ey_8_2_0,h,lsm,ey,8,2,0,8,32,-offset_x,-offset_y,True,11,8,4,0.5,0.5,100.0
hh_human_face,h_lag_ey_8_2_0,h,lag,ey,8,2,0,9,32,-offset_x,-offset_y,True,12,8,4,0.5,0.5,100.0
hh_human_face,h_lsr_ey_8_2_0,h,lsr,ey,8,2,0,9,32,-offset_x,-offset_y,True,12,8,4,0.5,0.5,100.0
hh_human_face,h_lsa_ey_8_2_0,h,lsa,ey,8,2,0,8,32,-offset_x,-offset_y,True,11,8,4,0.5,0.5,100.0
hh_human_face,h_ley_ey_8_2_0,h,ley,ey,8,2,0,8,32,-offset_x,-offset_y,True,11,8,4,0.5,0.5,100.0
hh_human_face,h_std_ey_9_1_0,h,std,ey,9,1,0,-36,62,-offset_x,-offset_y,True,6,6,4,0.5,0.5,100.0
hh_human_face,h_sml_ey_9_1_0,h,sml,ey,9,1,0,-36,62,-offset_x,-offset_y,True,6,6,4,0.5,0.5,100.0
hh_human_face,h_agr_ey_9_1_0,h,agr,ey,9,1,0,-36,62,-offset_x,-offset_y,True,6,6,4,0.5,0.5,100.0
hh_human_face,h_srp_ey_9_1_0,h,srp,ey,9,1,0,-36,63,-offset_x,-offset_y,True,6,7,4,0.5,0.5,100.0
hh_human_face,h_sad_ey_9_1_0,h,sad,ey,9,1,0,-36,62,-offset_x,-offset_y,True,6,6,4,0.5,0.5,100.0
hh_human_face,h_eyb_ey_9_1_0,h,eyb,ey,9,1,0,-36,62,-offset_x,-offset_y,True,6,6,4,0.5,0.5,100.0
hh_human_face,h_std_ey_9_2_0,h,std,ey,9,2,0,-32,63,-offset_x,-offset_y,True,12,10,4,0.5,0.5,100.0
hh_human_face,h_sml_ey_9_2_0,h,sml,ey,9,2,0,-32,63,-offset_x,-offset_y,True,12,10,4,0.5,0.5,100.0
hh_human_face,h_agr_ey_9_2_0,h,agr,ey,9,2,0,-32,62,-offset_x,-offset_y,True,12,9,4,0.5,0.5,100.0
hh_human_face,h_srp_ey_9_2_0,h,srp,ey,9,2,0,-32,64,-offset_x,-offset_y,True,12,11,4,0.5,0.5,100.0
hh_human_face,h_sad_ey_9_2_0,h,sad,ey,9,2,0,-32,62,-offset_x,-offset_y,True,12,9,4,0.5,0.5,100.0
hh_human_face,h_eyb_ey_9_2_0,h,eyb,ey,9,2,0,-32,63,-offset_x,-offset_y,True,12,9,4,0.5,0.5,100.0
hh_human_face,h_std_ey_9_3_0,h,std,ey,9,3,0,-24,59,-offset_x,-offset_y,True,18,6,4,0.5,0.5,100.0
hh_human_face,h_sml_ey_9_3_0,h,sml,ey,9,3,0,-24,59,-offset_x,-offset_y,True,18,6,4,0.5,0.5,100.0
hh_human_face,h_agr_ey_9_3_0,h,agr,ey,9,3,0,-24,58,-offset_x,-offset_y,True,18,5,4,0.5,0.5,100.0
hh_human_face,h_srp_ey_9_3_0,h,srp,ey,9,3,0,-24,60,-offset_x,-offset_y,True,18,7,4,0.5,0.5,100.0
hh_human_face,h_sad_ey_9_3_0,h,sad,ey,9,3,0,-24,59,-offset_x,-offset_y,True,18,6,4,0.5,0.5,100.0
hh_human_face,h_eyb_ey_9_3_0,h,eyb,ey,9,3,0,-24,59,-offset_x,-offset_y,True,18,6,4,0.5,0.5,100.0
hh_human_face,h_lay_ey_9_2_0,h,lay,ey,9,2,0,8,32,-offset_x,-offset_y,True,11,8,4,0.5,0.5,100.0
hh_human_face,h_lsm_ey_9_2_0,h,lsm,ey,9,2,0,8,32,-offset_x,-offset_y,True,11,8,4,0.5,0.5,100.0
hh_human_face,h_lag_ey_9_2_0,h,lag,ey,9,2,0,9,32,-offset_x,-offset_y,True,12,8,4,0.5,0.5,100.0
hh_human_face,h_lsr_ey_9_2_0,h,lsr,ey,9,2,0,9,32,-offset_x,-offset_y,True,12,8,4,0.5,0.5,100.0
hh_human_face,h_lsa_ey_9_2_0,h,lsa,ey,9,2,0,8,32,-offset_x,-offset_y,True,11,8,4,0.5,0.5,100.0
hh_human_face,h_ley_ey_9_2_0,h,ley,ey,9,2,0,8,32,-offset_x,-offset_y,True,11,8,4,0.5,0.5,100.0
hh_human_face,h_std_ey_10_1_0,h,std,ey,10,1,0,-36,62,-offset_x,-offset_y,True,6,6,4,0.5,0.5,100.0
hh_human_face,h_sml_ey_10_1_0,h,sml,ey,10,1,0,-36,62,-offset_x,-offset_y,True,6,6,4,0.5,0.5,100.0
hh_human_face,h_agr_ey_10_1_0,h,agr,ey,10,1,0,-36,62,-offset_x,-offset_y,True,6,6,4,0.5,0.5,100.0
hh_human_face,h_srp_ey_10_1_0,h,srp,ey,10,1,0,-36,63,-offset_x,-offset_y,True,6,7,4,0.5,0.5,100.0
hh_human_face,h_sad_ey_10_1_0,h,sad,ey,10,1,0,-36,62,-offset_x,-offset_y,True,6,6,4,0.5,0.5,100.0
hh_human_face,h_eyb_ey_10_1_0,h,eyb,ey,10,1,0,-36,62,-offset_x,-offset_y,True,6,6,4,0.5,0.5,100.0
hh_human_face,h_std_ey_10_2_0,h,std,ey,10,2,0,-32,63,-offset_x,-offset_y,True,12,10,4,0.5,0.5,100.0
hh_human_face,h_sml_ey_10_2_0,h,sml,ey,10,2,0,-32,63,-offset_x,-offset_y,True,12,10,4,0.5,0.5,100.0
hh_human_face,h_agr_ey_10_2_0,h,agr,ey,10,2,0,-32,62,-offset_x,-offset_y,True,12,9,4,0.5,0.5,100.0
hh_human_face,h_srp_ey_10_2_0,h,srp,ey,10,2,0,-32,64,-offset_x,-offset_y,True,12,11,4,0.5,0.5,100.0
hh_human_face,h_sad_ey_10_2_0,h,sad,ey,10,2,0,-32,62,-offset_x,-offset_y,True,12,9,4,0.5,0.5,100.0
hh_human_face,h_eyb_ey_10_2_0,h,eyb,ey,10,2,0,-32,63,-offset_x,-offset_y,True,12,9,4,0.5,0.5,100.0
hh_human_face,h_std_ey_10_3_0,h,std,ey,10,3,0,-24,59,-offset_x,-offset_y,True,18,6,4,0.5,0.5,100.0
hh_human_face,h_sml_ey_10_3_0,h,sml,ey,10,3,0,-24,59,-offset_x,-offset_y,True,18,6,4,0.5,0.5,100.0
hh_human_face,h_agr_ey_10_3_0,h,agr,ey,10,3,0,-24,58,-offset_x,-offset_y,True,18,5,4,0.5,0.5,100.0
hh_human_face,h_srp_ey_10_3_0,h,srp,ey,10,3,0,-24,60,-offset_x,-offset_y,True,18,7,4,0.5,0.5,100.0
hh_human_face,h_sad_ey_10_3_0,h,sad,ey,10,3,0,-24,59,-offset_x,-offset_y,True,18,6,4,0.5,0.5,100.0
hh_human_face,h_eyb_ey_10_3_0,h,eyb,ey,10,3,0,-24,59,-offset_x,-offset_y,True,18,6,4,0.5,0.5,100.0
hh_human_face,h_lay_ey_10_2_0,h,lay,ey,10,2,0,8,32,-offset_x,-offset_y,True,11,8,4,0.5,0.5,100.0
hh_human_face,h_lsm_ey_10_2_0,h,lsm,ey,10,2,0,8,32,-offset_x,-offset_y,True,11,8,4,0.5,0.5,100.0
hh_human_face,h_lag_ey_10_2_0,h,lag,ey,10,2,0,9,32,-offset_x,-offset_y,True,12,8,4,0.5,0.5,100.0
hh_human_face,h_lsr_ey_10_2_0,h,lsr,ey,10,2,0,9,32,-offset_x,-offset_y,True,12,8,4,0.5,0.5,100.0
hh_human_face,h_lsa_ey_10_2_0,h,lsa,ey,10,2,0,8,32,-offset_x,-offset_y,True,11,8,4,0.5,0.5,100.0
hh_human_face,h_ley_ey_10_2_0,h,ley,ey,10,2,0,8,32,-offset_x,-offset_y,True,11,8,4,0.5,0.5,100.0
hh_human_face,h_std_ey_11_1_0,h,std,ey,11,1,0,-36,62,-offset_x,-offset_y,True,6,6,4,0.5,0.5,100.0
hh_human_face,h_sml_ey_11_1_0,h,sml,ey,11,1,0,-36,62,-offset_x,-offset_y,True,6,6,4,0.5,0.5,100.0
hh_human_face,h_agr_ey_11_1_0,h,agr,ey,11,1,0,-36,62,-offset_x,-offset_y,True,6,6,4,0.5,0.5,100.0
hh_human_face,h_srp_ey_11_1_0,h,srp,ey,11,1,0,-36,63,-offset_x,-offset_y,True,6,7,4,0.5,0.5,100.0
hh_human_face,h_sad_ey_11_1_0,h,sad,ey,11,1,0,-36,62,-offset_x,-offset_y,True,6,6,4,0.5,0.5,100.0
hh_human_face,h_eyb_ey_11_1_0,h,eyb,ey,11,1,0,-36,62,-offset_x,-offset_y,True,6,6,4,0.5,0.5,100.0
hh_human_face,h_std_ey_11_2_0,h,std,ey,11,2,0,-32,63,-offset_x,-offset_y,True,12,10,4,0.5,0.5,100.0
hh_human_face,h_sml_ey_11_2_0,h,sml,ey,11,2,0,-32,63,-offset_x,-offset_y,True,12,10,4,0.5,0.5,100.0
hh_human_face,h_agr_ey_11_2_0,h,agr,ey,11,2,0,-32,62,-offset_x,-offset_y,True,12,9,4,0.5,0.5,100.0
hh_human_face,h_srp_ey_11_2_0,h,srp,ey,11,2,0,-32,64,-offset_x,-offset_y,True,12,11,4,0.5,0.5,100.0
hh_human_face,h_sad_ey_11_2_0,h,sad,ey,11,2,0,-32,62,-offset_x,-offset_y,True,12,9,4,0.5,0.5,100.0
hh_human_face,h_eyb_ey_11_2_0,h,eyb,ey,11,2,0,-32,63,-offset_x,-offset_y,True,12,9,4,0.5,0.5,100.0
hh_human_face,h_std_ey_11_3_0,h,std,ey,11,3,0,-24,59,-offset_x,-offset_y,True,18,6,4,0.5,0.5,100.0
hh_human_face,h_sml_ey_11_3_0,h,sml,ey,11,3,0,-24,59,-offset_x,-offset_y,True,18,6,4,0.5,0.5,100.0
hh_human_face,h_agr_ey_11_3_0,h,agr,ey,11,3,0,-24,58,-offset_x,-offset_y,True,18,5,4,0.5,0.5,100.0
hh_human_face,h_srp_ey_11_3_0,h,srp,ey,11,3,0,-24,60,-offset_x,-offset_y,True,18,7,4,0.5,0.5,100.0
hh_human_face,h_sad_ey_11_3_0,h,sad,ey,11,3,0,-24,59,-offset_x,-offset_y,True,18,6,4,0.5,0.5,100.0
hh_human_face,h_eyb_ey_11_3_0,h,eyb,ey,11,3,0,-24,59,-offset_x,-offset_y,True,18,6,4,0.5,0.5,100.0
hh_human_face,h_lay_ey_11_2_0,h,lay,ey,11,2,0,8,32,-offset_x,-offset_y,True,11,8,4,0.5,0.5,100.0
hh_human_face,h_lsm_ey_11_2_0,h,lsm,ey,11,2,0,8,32,-offset_x,-offset_y,True,11,8,4,0.5,0.5,100.0
hh_human_face,h_lag_ey_11_2_0,h,lag,ey,11,2,0,9,32,-offset_x,-offset_y,True,12,8,4,0.5,0.5,100.0
hh_human_face,h_lsr_ey_11_2_0,h,lsr,ey,11,2,0,9,32,-offset_x,-offset_y,True,12,8,4,0.5,0.5,100.0
hh_human_face,h_lsa_ey_11_2_0,h,lsa,ey,11,2,0,8,32,-offset_x,-offset_y,True,11,8,4,0.5,0.5,100.0
hh_human_face,h_ley_ey_11_2_0,h,ley,ey,11,2,0,8,32,-offset_x,-offset_y,True,11,8,4,0.5,0.5,100.0
hh_human_face,h_blw_fc_1_1_0,h,blw,fc,1,1,0,-39,61,-offset_x,-offset_y,True,8,11,4,0.5,0.5,100.0
hh_human_face,h_blw_fc_1_2_0,h,blw,fc,1,2,0,-36,58,-offset_x,-offset_y,True,6,12,4,0.5,0.5,100.0
hh_human_face,h_blw_fc_1_3_0,h,blw,fc,1,3,0,-30,52,-offset_x,-offset_y,True,6,7,4,0.5,0.5,100.0
hh_human_leg,h_std_lg_1_0_0,h,std,lg,1,0,0,-21,23,-offset_x,-offset_y,True,22,26,4,0.5,0.5,100.0
hh_human_leg,h_std_lg_1_1_0,h,std,lg,1,1,0,-26,19,-offset_x,-offset_y,True,15,19,4,0.5,0.5,100.0
hh_human_leg,h_std_lg_1_2_0,h,std,lg,1,2,0,-22,25,-offset_x,-offset_y,True,22,26,4,0.5,0.5,100.0
hh_human_leg,h_std_lg_1_3_0,h,std,lg,1,3,0,-22,21,-offset_x,-offset_y,True,23,20,4,0.5,0.5,100.0
hh_human_leg,h_std_lg_1_7_0,h,std,lg,1,7,0,-22,20,-offset_x,-offset_y,True,23,20,4,0.5,0.5,100.0
hh_human_leg,h_wlk_lg_1_0_0,h,wlk,lg,1,0,0,-21,23,-offset_x,-offset_y,True,23,24,4,0.5,0.5,100.0
hh_human_leg,h_wlk_lg_1_0_1,h,wlk,lg,1,0,1,-15,22,-offset_x,-offset_y,True,36,24,4,0.5,0.5,100.0
hh_human_leg,h_wlk_lg_1_0_2,h,wlk,lg,1,0,2,-21,23,-offset_x,-offset_y,True,22,26,4,0.5,0.5,100.0
hh_human_leg,h_wlk_lg_1_0_3,h,wlk,lg,1,0,3,-21,22,-offset_x,-offset_y,True,22,25,4,0.5,0.5,100.0
hh_human_leg,h_wlk_lg_1_1_0,h,wlk,lg,1,1,0,-24,19,-offset_x,-offset_y,True,17,20,4,0.5,0.5,100.0
hh_human_leg,h_wlk_lg_1_1_1,h,wlk,lg,1,1,1,-14,19,-offset_x,-offset_y,True,35,21,4,0.5,0.5,100.0
hh_human_leg,h_wlk_lg_1_1_2,h,wlk,lg,1,1,2,-24,19,-offset_x,-offset_y,True,17,19,4,0.5,0.5,100.0
hh_human_leg,h_wlk_lg_1_1_3,h,wlk,lg,1,1,3,-16,18,-offset_x,-offset_y,True,34,19,4,0.5,0.5,100.0
hh_human_leg,h_wlk_lg_1_2_0,h,wlk,lg,1,2,0,-20,25,-offset_x,-offset_y,True,24,24,4,0.5,0.5,100.0
hh_human_leg,h_wlk_lg_1_2_1,h,wlk,lg,1,2,1,-22,24,-offset_x,-offset_y,True,22,27,4,0.5,0.5,100.0
hh_human_leg,h_wlk_lg_1_2_2,h,wlk,lg,1,2,2,-22,25,-offset_x,-offset_y,True,24,26,4,0.5,0.5,100.0
hh_human_leg,h_wlk_lg_1_2_3,h,wlk,lg,1,2,3,-15,24,-offset_x,-offset_y,True,36,25,4,0.5,0.5,100.0
hh_human_leg,h_wlk_lg_1_3_0,h,wlk,lg,1,3,0,-22,20,-offset_x,-offset_y,True,23,19,4,0.5,0.5,100.0
hh_human_leg,h_wlk_lg_1_3_1,h,wlk,lg,1,3,1,-22,19,-offset_x,-offset_y,True,23,21,4,0.5,0.5,100.0
hh_human_leg,h_wlk_lg_1_3_2,h,wlk,lg,1,3,2,-22,20,-offset_x,-offset_y,True,23,19,4,0.5,0.5,100.0
hh_human_leg,h_wlk_lg_1_3_3,h,wlk,lg,1,3,3,-22,19,-offset_x,-offset_y,True,23,21,4,0.5,0.5,100.0
hh_human_leg,h_wlk_lg_1_7_0,h,wlk,lg,1,7,0,-22,19,-offset_x,-offset_y,True,23,19,4,0.5,0.5,100.0
hh_human_leg,h_wlk_lg_1_7_1,h,wlk,lg,1,7,1,-22,18,-offset_x,-offset_y,True,23,20,4,0.5,0.5,100.0
hh_human_leg,h_wlk_lg_1_7_2,h,wlk,lg,1,7,2,-22,19,-offset_x,-offset_y,True,23,19,4,0.5,0.5,100.0
hh_human_leg,h_wlk_lg_1_7_3,h,wlk,lg,1,7,3,-22,18,-offset_x,-offset_y,True,23,20,4,0.5,0.5,100.0
hh_human_leg,h_sit_lg_1_0_0,h,sit,lg,1,0,0,-21,33,-offset_x,-offset_y,True,35,25,4,0.5,0.5,100.0
hh_human_leg,h_sit_lg_1_2_0,h,sit,lg,1,2,0,-21,26,-offset_x,-offset_y,True,32,22,4,0.5,0.5,100.0
hh_human_leg,h_lay_lg_1_2_0,h,lay,lg,1,2,0,-17,14,-offset_x,-offset_y,True,31,25,4,0.5,0.5,100.0
hh_human_leg,h_std_lg_2_0_0,h,std,lg,2,0,0,-21,23,-offset_x,-offset_y,True,22,18,4,0.5,0.5,100.0
hh_human_leg,h_std_lg_2_1_0,h,std,lg,2,1,0,-24,23,-offset_x,-offset_y,True,16,16,4,0.5,0.5,100.0
hh_human_leg,h_std_lg_2_2_0,h,std,lg,2,2,0,-22,25,-offset_x,-offset_y,True,22,19,4,0.5,0.5,100.0
hh_human_leg,h_std_lg_2_3_0,h,std,lg,2,3,0,-22,21,-offset_x,-offset_y,True,23,13,4,0.5,0.5,100.0
hh_human_leg,h_std_lg_2_7_0,h,std,lg,2,7,0,-22,20,-offset_x,-offset_y,True,23,14,4,0.5,0.5,100.0
hh_human_leg,h_wlk_lg_2_0_0,h,wlk,lg,2,0,0,-21,23,-offset_x,-offset_y,True,23,19,4,0.5,0.5,100.0
hh_human_leg,h_wlk_lg_2_0_1,h,wlk,lg,2,0,1,-19,22,-offset_x,-offset_y,True,28,17,4,0.5,0.5,100.0
hh_human_leg,h_wlk_lg_2_0_2,h,wlk,lg,2,0,2,-21,23,-offset_x,-offset_y,True,22,20,4,0.5,0.5,100.0
hh_human_leg,h_wlk_lg_2_0_3,h,wlk,lg,2,0,3,-22,22,-offset_x,-offset_y,True,20,20,4,0.5,0.5,100.0
hh_human_leg,h_wlk_lg_2_1_0,h,wlk,lg,2,1,0,-24,22,-offset_x,-offset_y,True,17,16,4,0.5,0.5,100.0
hh_human_leg,h_wlk_lg_2_1_1,h,wlk,lg,2,1,1,-22,22,-offset_x,-offset_y,True,24,17,4,0.5,0.5,100.0
hh_human_leg,h_wlk_lg_2_1_2,h,wlk,lg,2,1,2,-24,22,-offset_x,-offset_y,True,17,15,4,0.5,0.5,100.0
hh_human_leg,h_wlk_lg_2_1_3,h,wlk,lg,2,1,3,-21,22,-offset_x,-offset_y,True,25,17,4,0.5,0.5,100.0
hh_human_leg,h_wlk_lg_2_2_0,h,wlk,lg,2,2,0,-22,25,-offset_x,-offset_y,True,22,20,4,0.5,0.5,100.0
hh_human_leg,h_wlk_lg_2_2_1,h,wlk,lg,2,2,1,-22,24,-offset_x,-offset_y,True,22,20,4,0.5,0.5,100.0
hh_human_leg,h_wlk_lg_2_2_2,h,wlk,lg,2,2,2,-22,25,-offset_x,-offset_y,True,24,22,4,0.5,0.5,100.0
hh_human_leg,h_wlk_lg_2_2_3,h,wlk,lg,2,2,3,-20,24,-offset_x,-offset_y,True,28,19,4,0.5,0.5,100.0
hh_human_leg,h_wlk_lg_2_3_0,h,wlk,lg,2,3,0,-22,20,-offset_x,-offset_y,True,23,13,4,0.5,0.5,100.0
hh_human_leg,h_wlk_lg_2_3_1,h,wlk,lg,2,3,1,-22,19,-offset_x,-offset_y,True,23,12,4,0.5,0.5,100.0
hh_human_leg,h_wlk_lg_2_3_2,h,wlk,lg,2,3,2,-22,20,-offset_x,-offset_y,True,23,13,4,0.5,0.5,100.0
hh_human_leg,h_wlk_lg_2_3_3,h,wlk,lg,2,3,3,-22,19,-offset_x,-offset_y,True,23,15,4,0.5,0.5,100.0
hh_human_leg,h_wlk_lg_2_7_0,h,wlk,lg,2,7,0,-22,19,-offset_x,-offset_y,True,23,13,4,0.5,0.5,100.0
hh_human_leg,h_wlk_lg_2_7_1,h,wlk,lg,2,7,1,-22,18,-offset_x,-offset_y,True,23,13,4,0.5,0.5,100.0
hh_human_leg,h_wlk_lg_2_7_2,h,wlk,lg,2,7,2,-22,19,-offset_x,-offset_y,True,23,13,4,0.5,0.5,100.0
hh_human_leg,h_wlk_lg_2_7_3,h,wlk,lg,2,7,3,-22,18,-offset_x,-offset_y,True,23,13,4,0.5,0.5,100.0
hh_human_leg,h_sit_lg_2_0_0,h,sit,lg,2,0,0,-21,28,-offset_x,-offset_y,True,28,20,4,0.5,0.5,100.0
hh_human_leg,h_sit_lg_2_2_0,h,sit,lg,2,2,0,-21,26,-offset_x,-offset_y,True,31,20,4,0.5,0.5,100.0
hh_human_leg,h_lay_lg_2_2_0,h,lay,lg,2,2,0,-17,14,-offset_x,-offset_y,True,28,22,4,0.5,0.5,100.0
hh_human_leg,h_std_lg_4_0_0,h,std,lg,4,0,0,-20,23,-offset_x,-offset_y,True,24,26,4,0.5,0.5,100.0
hh_human_leg,h_std_lg_4_1_0,h,std,lg,4,1,0,-25,22,-offset_x,-offset_y,True,17,22,4,0.5,0.5,100.0
hh_human_leg,h_std_lg_4_2_0,h,std,lg,4,2,0,-21,25,-offset_x,-offset_y,True,24,26,4,0.5,0.5,100.0
hh_human_leg,h_std_lg_4_3_0,h,std,lg,4,3,0,-21,21,-offset_x,-offset_y,True,25,21,4,0.5,0.5,100.0
hh_human_leg,h_std_lg_4_7_0,h,std,lg,4,7,0,-21,20,-offset_x,-offset_y,True,25,21,4,0.5,0.5,100.0
hh_human_leg,h_wlk_lg_4_0_0,h,wlk,lg,4,0,0,-20,23,-offset_x,-offset_y,True,25,24,4,0.5,0.5,100.0
hh_human_leg,h_wlk_lg_4_0_1,h,wlk,lg,4,0,1,-15,22,-offset_x,-offset_y,True,36,25,4,0.5,0.5,100.0
hh_human_leg,h_wlk_lg_4_0_2,h,wlk,lg,4,0,2,-21,23,-offset_x,-offset_y,True,23,26,4,0.5,0.5,100.0
hh_human_leg,h_wlk_lg_4_0_3,h,wlk,lg,4,0,3,-21,22,-offset_x,-offset_y,True,21,26,4,0.5,0.5,100.0
hh_human_leg,h_wlk_lg_4_1_0,h,wlk,lg,4,1,0,-24,22,-offset_x,-offset_y,True,18,23,4,0.5,0.5,100.0
hh_human_leg,h_wlk_lg_4_1_1,h,wlk,lg,4,1,1,-14,23,-offset_x,-offset_y,True,35,25,4,0.5,0.5,100.0
hh_human_leg,h_wlk_lg_4_1_2,h,wlk,lg,4,1,2,-23,22,-offset_x,-offset_y,True,19,22,4,0.5,0.5,100.0
hh_human_leg,h_wlk_lg_4_1_3,h,wlk,lg,4,1,3,-16,22,-offset_x,-offset_y,True,34,23,4,0.5,0.5,100.0
hh_human_leg,h_wlk_lg_4_2_0,h,wlk,lg,4,2,0,-20,25,-offset_x,-offset_y,True,26,24,4,0.5,0.5,100.0
hh_human_leg,h_wlk_lg_4_2_1,h,wlk,lg,4,2,1,-22,24,-offset_x,-offset_y,True,22,27,4,0.5,0.5,100.0
hh_human_leg,h_wlk_lg_4_2_2,h,wlk,lg,4,2,2,-21,25,-offset_x,-offset_y,True,25,26,4,0.5,0.5,100.0
hh_human_leg,h_wlk_lg_4_2_3,h,wlk,lg,4,2,3,-15,24,-offset_x,-offset_y,True,36,25,4,0.5,0.5,100.0
hh_human_leg,h_wlk_lg_4_3_0,h,wlk,lg,4,3,0,-21,20,-offset_x,-offset_y,True,25,20,4,0.5,0.5,100.0
hh_human_leg,h_wlk_lg_4_3_1,h,wlk,lg,4,3,1,-21,19,-offset_x,-offset_y,True,25,21,4,0.5,0.5,100.0
hh_human_leg,h_wlk_lg_4_3_2,h,wlk,lg,4,3,2,-21,20,-offset_x,-offset_y,True,25,20,4,0.5,0.5,100.0
hh_human_leg,h_wlk_lg_4_3_3,h,wlk,lg,4,3,3,-21,19,-offset_x,-offset_y,True,26,21,4,0.5,0.5,100.0
hh_human_leg,h_wlk_lg_4_7_0,h,wlk,lg,4,7,0,-21,19,-offset_x,-offset_y,True,25,20,4,0.5,0.5,100.0
hh_human_leg,h_wlk_lg_4_7_1,h,wlk,lg,4,7,1,-21,18,-offset_x,-offset_y,True,25,21,4,0.5,0.5,100.0
hh_human_leg,h_wlk_lg_4_7_2,h,wlk,lg,4,7,2,-21,19,-offset_x,-offset_y,True,25,20,4,0.5,0.5,100.0
hh_human_leg,h_wlk_lg_4_7_3,h,wlk,lg,4,7,3,-21,18,-offset_x,-offset_y,True,25,21,4,0.5,0.5,100.0
hh_human_leg,h_sit_lg_4_0_0,h,sit,lg,4,0,0,-21,33,-offset_x,-offset_y,True,36,25,4,0.5,0.5,100.0
hh_human_leg,h_sit_lg_4_2_0,h,sit,lg,4,2,0,-21,26,-offset_x,-offset_y,True,33,24,4,0.5,0.5,100.0
hh_human_leg,h_lay_lg_4_2_0,h,lay,lg,4,2,0,-17,14,-offset_x,-offset_y,True,30,26,4,0.5,0.5,100.0
hh_human_leg,h_std_lg_6_0_0,h,std,lg,6,0,0,-21,23,-offset_x,-offset_y,True,22,26,4,0.5,0.5,100.0
hh_human_leg,h_std_lg_6_1_0,h,std,lg,6,1,0,-26,19,-offset_x,-offset_y,True,15,19,4,0.5,0.5,100.0
hh_human_leg,h_std_lg_6_2_0,h,std,lg,6,2,0,-22,25,-offset_x,-offset_y,True,22,26,4,0.5,0.5,100.0
hh_human_leg,h_std_lg_6_3_0,h,std,lg,6,3,0,-22,21,-offset_x,-offset_y,True,23,20,4,0.5,0.5,100.0
hh_human_leg,h_std_lg_6_7_0,h,std,lg,6,7,0,-22,20,-offset_x,-offset_y,True,23,20,4,0.5,0.5,100.0
hh_human_leg,h_wlk_lg_6_0_0,h,wlk,lg,6,0,0,-21,23,-offset_x,-offset_y,True,23,24,4,0.5,0.5,100.0
hh_human_leg,h_wlk_lg_6_0_1,h,wlk,lg,6,0,1,-15,22,-offset_x,-offset_y,True,36,24,4,0.5,0.5,100.0
hh_human_leg,h_wlk_lg_6_0_2,h,wlk,lg,6,0,2,-21,23,-offset_x,-offset_y,True,22,26,4,0.5,0.5,100.0
hh_human_leg,h_wlk_lg_6_0_3,h,wlk,lg,6,0,3,-21,22,-offset_x,-offset_y,True,22,25,4,0.5,0.5,100.0
hh_human_leg,h_wlk_lg_6_1_0,h,wlk,lg,6,1,0,-24,19,-offset_x,-offset_y,True,17,20,4,0.5,0.5,100.0
hh_human_leg,h_wlk_lg_6_1_1,h,wlk,lg,6,1,1,-14,19,-offset_x,-offset_y,True,35,21,4,0.5,0.5,100.0
hh_human_leg,h_wlk_lg_6_1_2,h,wlk,lg,6,1,2,-24,19,-offset_x,-offset_y,True,17,19,4,0.5,0.5,100.0
hh_human_leg,h_wlk_lg_6_1_3,h,wlk,lg,6,1,3,-16,18,-offset_x,-offset_y,True,34,19,4,0.5,0.5,100.0
hh_human_leg,h_wlk_lg_6_2_0,h,wlk,lg,6,2,0,-20,25,-offset_x,-offset_y,True,24,24,4,0.5,0.5,100.0
hh_human_leg,h_wlk_lg_6_2_1,h,wlk,lg,6,2,1,-22,24,-offset_x,-offset_y,True,22,27,4,0.5,0.5,100.0
hh_human_leg,h_wlk_lg_6_2_2,h,wlk,lg,6,2,2,-22,25,-offset_x,-offset_y,True,24,26,4,0.5,0.5,100.0
hh_human_leg,h_wlk_lg_6_2_3,h,wlk,lg,6,2,3,-15,24,-offset_x,-offset_y,True,36,25,4,0.5,0.5,100.0
hh_human_leg,h_wlk_lg_6_3_0,h,wlk,lg,6,3,0,-22,20,-offset_x,-offset_y,True,23,19,4,0.5,0.5,100.0
hh_human_leg,h_wlk_lg_6_3_1,h,wlk,lg,6,3,1,-22,19,-offset_x,-offset_y,True,23,21,4,0.5,0.5,100.0
hh_human_leg,h_wlk_lg_6_3_2,h,wlk,lg,6,3,2,-22,20,-offset_x,-offset_y,True,23,19,4,0.5,0.5,100.0
hh_human_leg,h_wlk_lg_6_3_3,h,wlk,lg,6,3,3,-22,19,-offset_x,-offset_y,True,23,21,4,0.5,0.5,100.0
hh_human_leg,h_wlk_lg_6_7_0,h,wlk,lg,6,7,0,-22,19,-offset_x,-offset_y,True,23,19,4,0.5,0.5,100.0
hh_human_leg,h_wlk_lg_6_7_1,h,wlk,lg,6,7,1,-22,18,-offset_x,-offset_y,True,23,20,4,0.5,0.5,100.0
hh_human_leg,h_wlk_lg_6_7_2,h,wlk,lg,6,7,2,-22,19,-offset_x,-offset_y,True,23,19,4,0.5,0.5,100.0
hh_human_leg,h_wlk_lg_6_7_3,h,wlk,lg,6,7,3,-22,18,-offset_x,-offset_y,True,23,20,4,0.5,0.5,100.0
hh_human_leg,h_sit_lg_6_0_0,h,sit,lg,6,0,0,-22,33,-offset_x,-offset_y,True,35,25,4,0.5,0.5,100.0
hh_human_leg,h_sit_lg_6_2_0,h,sit,lg,6,2,0,-21,26,-offset_x,-offset_y,True,32,22,4,0.5,0.5,100.0
hh_human_leg,h_lay_lg_6_2_0,h,lay,lg,6,2,0,-17,14,-offset_x,-offset_y,True,29,24,4,0.5,0.5,100.0
hh_human_leg,h_std_lg_201_0_0,h,std,lg,201,0,0,-21,23,-offset_x,-offset_y,True,22,18,4,0.5,0.5,100.0
hh_human_leg,h_std_lg_201_1_0,h,std,lg,201,1,0,-24,23,-offset_x,-offset_y,True,16,16,4,0.5,0.5,100.0
hh_human_leg,h_std_lg_201_2_0,h,std,lg,201,2,0,-22,25,-offset_x,-offset_y,True,22,19,4,0.5,0.5,100.0
hh_human_leg,h_std_lg_201_3_0,h,std,lg,201,3,0,-22,21,-offset_x,-offset_y,True,23,13,4,0.5,0.5,100.0
hh_human_leg,h_std_lg_201_7_0,h,std,lg,201,7,0,-22,20,-offset_x,-offset_y,True,23,14,4,0.5,0.5,100.0
hh_human_leg,h_wlk_lg_201_0_0,h,wlk,lg,201,0,0,-21,23,-offset_x,-offset_y,True,23,19,4,0.5,0.5,100.0
hh_human_leg,h_wlk_lg_201_0_1,h,wlk,lg,201,0,1,-19,22,-offset_x,-offset_y,True,28,17,4,0.5,0.5,100.0
hh_human_leg,h_wlk_lg_201_0_2,h,wlk,lg,201,0,2,-21,23,-offset_x,-offset_y,True,22,20,4,0.5,0.5,100.0
hh_human_leg,h_wlk_lg_201_0_3,h,wlk,lg,201,0,3,-22,22,-offset_x,-offset_y,True,20,20,4,0.5,0.5,100.0
hh_human_leg,h_wlk_lg_201_1_0,h,wlk,lg,201,1,0,-24,22,-offset_x,-offset_y,True,17,16,4,0.5,0.5,100.0
hh_human_leg,h_wlk_lg_201_1_1,h,wlk,lg,201,1,1,-22,22,-offset_x,-offset_y,True,24,17,4,0.5,0.5,100.0
hh_human_leg,h_wlk_lg_201_1_2,h,wlk,lg,201,1,2,-24,22,-offset_x,-offset_y,True,17,15,4,0.5,0.5,100.0
hh_human_leg,h_wlk_lg_201_1_3,h,wlk,lg,201,1,3,-21,22,-offset_x,-offset_y,True,25,17,4,0.5,0.5,100.0
hh_human_leg,h_wlk_lg_201_2_0,h,wlk,lg,201,2,0,-22,25,-offset_x,-offset_y,True,22,20,4,0.5,0.5,100.0
hh_human_leg,h_wlk_lg_201_2_1,h,wlk,lg,201,2,1,-22,24,-offset_x,-offset_y,True,22,20,4,0.5,0.5,100.0
hh_human_leg,h_wlk_lg_201_2_2,h,wlk,lg,201,2,2,-22,25,-offset_x,-offset_y,True,24,22,4,0.5,0.5,100.0
hh_human_leg,h_wlk_lg_201_2_3,h,wlk,lg,201,2,3,-20,24,-offset_x,-offset_y,True,28,19,4,0.5,0.5,100.0
hh_human_leg,h_wlk_lg_201_3_0,h,wlk,lg,201,3,0,-22,20,-offset_x,-offset_y,True,23,13,4,0.5,0.5,100.0
hh_human_leg,h_wlk_lg_201_3_1,h,wlk,lg,201,3,1,-22,19,-offset_x,-offset_y,True,23,12,4,0.5,0.5,100.0
hh_human_leg,h_wlk_lg_201_3_2,h,wlk,lg,201,3,2,-22,20,-offset_x,-offset_y,True,23,13,4,0.5,0.5,100.0
hh_human_leg,h_wlk_lg_201_3_3,h,wlk,lg,201,3,3,-22,19,-offset_x,-offset_y,True,23,15,4,0.5,0.5,100.0
hh_human_leg,h_wlk_lg_201_7_0,h,wlk,lg,201,7,0,-22,19,-offset_x,-offset_y,True,23,13,4,0.5,0.5,100.0
hh_human_leg,h_wlk_lg_201_7_1,h,wlk,lg,201,7,1,-22,18,-offset_x,-offset_y,True,23,13,4,0.5,0.5,100.0
hh_human_leg,h_wlk_lg_201_7_2,h,wlk,lg,201,7,2,-22,19,-offset_x,-offset_y,True,23,13,4,0.5,0.5,100.0
hh_human_leg,h_wlk_lg_201_7_3,h,wlk,lg,201,7,3,-22,18,-offset_x,-offset_y,True,23,13,4,0.5,0.5,100.0
hh_human_leg,h_sit_lg_201_0_0,h,sit,lg,201,0,0,-21,29,-offset_x,-offset_y,True,28,20,4,0.5,0.5,100.0
hh_human_leg,h_sit_lg_201_2_0,h,sit,lg,201,2,0,-21,26,-offset_x,-offset_y,True,31,20,4,0.5,0.5,100.0
hh_human_leg,h_lay_lg_201_2_0,h,lay,lg,201,2,0,-17,14,-offset_x,-offset_y,True,28,22,4,0.5,0.5,100.0
hh_human_leg,h_std_lg_3_0_0,h,std,lg,3,0,0,-21,23,-offset_x,-offset_y,True,22,26,4,0.5,0.5,100.0
hh_human_leg,h_std_lg_3_1_0,h,std,lg,3,1,0,-24,24,-offset_x,-offset_y,True,17,24,4,0.5,0.5,100.0
hh_human_leg,h_std_lg_3_2_0,h,std,lg,3,2,0,-22,25,-offset_x,-offset_y,True,22,26,4,0.5,0.5,100.0
hh_human_leg,h_std_lg_3_3_0,h,std,lg,3,3,0,-22,21,-offset_x,-offset_y,True,23,20,4,0.5,0.5,100.0
hh_human_leg,h_std_lg_3_7_0,h,std,lg,3,7,0,-22,20,-offset_x,-offset_y,True,23,20,4,0.5,0.5,100.0
hh_human_leg,h_wlk_lg_3_0_0,h,wlk,lg,3,0,0,-21,23,-offset_x,-offset_y,True,23,24,4,0.5,0.5,100.0
hh_human_leg,h_wlk_lg_3_0_1,h,wlk,lg,3,0,1,-16,22,-offset_x,-offset_y,True,35,25,4,0.5,0.5,100.0
hh_human_leg,h_wlk_lg_3_0_2,h,wlk,lg,3,0,2,-21,23,-offset_x,-offset_y,True,22,26,4,0.5,0.5,100.0
hh_human_leg,h_wlk_lg_3_0_3,h,wlk,lg,3,0,3,-21,22,-offset_x,-offset_y,True,21,25,4,0.5,0.5,100.0
hh_human_leg,h_wlk_lg_3_1_0,h,wlk,lg,3,1,0,-24,24,-offset_x,-offset_y,True,17,25,4,0.5,0.5,100.0
hh_human_leg,h_wlk_lg_3_1_1,h,wlk,lg,3,1,1,-15,24,-offset_x,-offset_y,True,34,26,4,0.5,0.5,100.0
hh_human_leg,h_wlk_lg_3_1_2,h,wlk,lg,3,1,2,-24,24,-offset_x,-offset_y,True,17,24,4,0.5,0.5,100.0
hh_human_leg,h_wlk_lg_3_1_3,h,wlk,lg,3,1,3,-16,24,-offset_x,-offset_y,True,34,25,4,0.5,0.5,100.0
hh_human_leg,h_wlk_lg_3_2_0,h,wlk,lg,3,2,0,-20,25,-offset_x,-offset_y,True,24,24,4,0.5,0.5,100.0
hh_human_leg,h_wlk_lg_3_2_1,h,wlk,lg,3,2,1,-22,24,-offset_x,-offset_y,True,22,27,4,0.5,0.5,100.0
hh_human_leg,h_wlk_lg_3_2_2,h,wlk,lg,3,2,2,-21,25,-offset_x,-offset_y,True,25,26,4,0.5,0.5,100.0
hh_human_leg,h_wlk_lg_3_2_3,h,wlk,lg,3,2,3,-15,24,-offset_x,-offset_y,True,36,25,4,0.5,0.5,100.0
hh_human_leg,h_wlk_lg_3_3_0,h,wlk,lg,3,3,0,-22,20,-offset_x,-offset_y,True,23,19,4,0.5,0.5,100.0
hh_human_leg,h_wlk_lg_3_3_1,h,wlk,lg,3,3,1,-22,19,-offset_x,-offset_y,True,23,21,4,0.5,0.5,100.0
hh_human_leg,h_wlk_lg_3_3_2,h,wlk,lg,3,3,2,-22,20,-offset_x,-offset_y,True,23,19,4,0.5,0.5,100.0
hh_human_leg,h_wlk_lg_3_3_3,h,wlk,lg,3,3,3,-22,19,-offset_x,-offset_y,True,23,21,4,0.5,0.5,100.0
hh_human_leg,h_wlk_lg_3_7_0,h,wlk,lg,3,7,0,-22,19,-offset_x,-offset_y,True,23,19,4,0.5,0.5,100.0
hh_human_leg,h_wlk_lg_3_7_1,h,wlk,lg,3,7,1,-22,18,-offset_x,-offset_y,True,23,20,4,0.5,0.5,100.0
hh_human_leg,h_wlk_lg_3_7_2,h,wlk,lg,3,7,2,-22,19,-offset_x,-offset_y,True,23,19,4,0.5,0.5,100.0
hh_human_leg,h_wlk_lg_3_7_3,h,wlk,lg,3,7,3,-22,18,-offset_x,-offset_y,True,23,20,4,0.5,0.5,100.0
hh_human_leg,h_sit_lg_3_0_0,h,sit,lg,3,0,0,-21,33,-offset_x,-offset_y,True,35,25,4,0.5,0.5,100.0
hh_human_leg,h_sit_lg_3_2_0,h,sit,lg,3,2,0,-21,26,-offset_x,-offset_y,True,32,22,4,0.5,0.5,100.0
hh_human_leg,h_lay_lg_3_2_0,h,lay,lg,3,2,0,-17,14,-offset_x,-offset_y,True,31,25,4,0.5,0.5,100.0
hh_human_leg,h_std_lg_5_0_0,h,std,lg,5,0,0,-21,23,-offset_x,-offset_y,True,22,18,4,0.5,0.5,100.0
hh_human_leg,h_std_lg_5_1_0,h,std,lg,5,1,0,-24,23,-offset_x,-offset_y,True,16,16,4,0.5,0.5,100.0
hh_human_leg,h_std_lg_5_2_0,h,std,lg,5,2,0,-22,25,-offset_x,-offset_y,True,22,19,4,0.5,0.5,100.0
hh_human_leg,h_std_lg_5_3_0,h,std,lg,5,3,0,-22,21,-offset_x,-offset_y,True,23,13,4,0.5,0.5,100.0
hh_human_leg,h_std_lg_5_7_0,h,std,lg,5,7,0,-22,20,-offset_x,-offset_y,True,23,14,4,0.5,0.5,100.0
hh_human_leg,h_wlk_lg_5_0_0,h,wlk,lg,5,0,0,-21,23,-offset_x,-offset_y,True,23,19,4,0.5,0.5,100.0
hh_human_leg,h_wlk_lg_5_0_1,h,wlk,lg,5,0,1,-19,22,-offset_x,-offset_y,True,28,17,4,0.5,0.5,100.0
hh_human_leg,h_wlk_lg_5_0_2,h,wlk,lg,5,0,2,-21,23,-offset_x,-offset_y,True,22,20,4,0.5,0.5,100.0
hh_human_leg,h_wlk_lg_5_0_3,h,wlk,lg,5,0,3,-22,22,-offset_x,-offset_y,True,20,20,4,0.5,0.5,100.0
hh_human_leg,h_wlk_lg_5_1_0,h,wlk,lg,5,1,0,-24,22,-offset_x,-offset_y,True,17,16,4,0.5,0.5,100.0
hh_human_leg,h_wlk_lg_5_1_1,h,wlk,lg,5,1,1,-22,22,-offset_x,-offset_y,True,24,17,4,0.5,0.5,100.0
hh_human_leg,h_wlk_lg_5_1_2,h,wlk,lg,5,1,2,-24,22,-offset_x,-offset_y,True,17,15,4,0.5,0.5,100.0
hh_human_leg,h_wlk_lg_5_1_3,h,wlk,lg,5,1,3,-21,22,-offset_x,-offset_y,True,25,17,4,0.5,0.5,100.0
hh_human_leg,h_wlk_lg_5_2_0,h,wlk,lg,5,2,0,-22,25,-offset_x,-offset_y,True,22,20,4,0.5,0.5,100.0
hh_human_leg,h_wlk_lg_5_2_1,h,wlk,lg,5,2,1,-22,24,-offset_x,-offset_y,True,22,20,4,0.5,0.5,100.0
hh_human_leg,h_wlk_lg_5_2_2,h,wlk,lg,5,2,2,-22,25,-offset_x,-offset_y,True,24,22,4,0.5,0.5,100.0
hh_human_leg,h_wlk_lg_5_2_3,h,wlk,lg,5,2,3,-20,24,-offset_x,-offset_y,True,28,19,4,0.5,0.5,100.0
hh_human_leg,h_wlk_lg_5_3_0,h,wlk,lg,5,3,0,-22,20,-offset_x,-offset_y,True,23,13,4,0.5,0.5,100.0
hh_human_leg,h_wlk_lg_5_3_1,h,wlk,lg,5,3,1,-22,19,-offset_x,-offset_y,True,23,12,4,0.5,0.5,100.0
hh_human_leg,h_wlk_lg_5_3_2,h,wlk,lg,5,3,2,-22,20,-offset_x,-offset_y,True,23,13,4,0.5,0.5,100.0
hh_human_leg,h_wlk_lg_5_3_3,h,wlk,lg,5,3,3,-22,19,-offset_x,-offset_y,True,23,15,4,0.5,0.5,100.0
hh_human_leg,h_wlk_lg_5_7_0,h,wlk,lg,5,7,0,-22,19,-offset_x,-offset_y,True,23,13,4,0.5,0.5,100.0
hh_human_leg,h_wlk_lg_5_7_1,h,wlk,lg,5,7,1,-22,18,-offset_x,-offset_y,True,23,13,4,0.5,0.5,100.0
hh_human_leg,h_wlk_lg_5_7_2,h,wlk,lg,5,7,2,-22,19,-offset_x,-offset_y,True,23,13,4,0.5,0.5,100.0
hh_human_leg,h_wlk_lg_5_7_3,h,wlk,lg,5,7,3,-22,18,-offset_x,-offset_y,True,23,13,4,0.5,0.5,100.0
hh_human_leg,h_sit_lg_5_0_0,h,sit,lg,5,0,0,-21,28,-offset_x,-offset_y,True,28,20,4,0.5,0.5,100.0
hh_human_leg,h_sit_lg_5_2_0,h,sit,lg,5,2,0,-21,26,-offset_x,-offset_y,True,31,20,4,0.5,0.5,100.0
hh_human_leg,h_lay_lg_5_2_0,h,lay,lg,5,2,0,-17,14,-offset_x,-offset_y,True,28,22,4,0.5,0.5,100.0
hh_human_leg,h_std_lg_200_0_0,h,std,lg,200,0,0,-21,23,-offset_x,-offset_y,True,22,26,4,0.5,0.5,100.0
hh_human_leg,h_std_lg_200_1_0,h,std,lg,200,1,0,-24,24,-offset_x,-offset_y,True,17,24,4,0.5,0.5,100.0
hh_human_leg,h_std_lg_200_2_0,h,std,lg,200,2,0,-22,25,-offset_x,-offset_y,True,22,26,4,0.5,0.5,100.0
hh_human_leg,h_std_lg_200_3_0,h,std,lg,200,3,0,-22,21,-offset_x,-offset_y,True,23,20,4,0.5,0.5,100.0
hh_human_leg,h_std_lg_200_7_0,h,std,lg,200,7,0,-22,20,-offset_x,-offset_y,True,23,20,4,0.5,0.5,100.0
hh_human_leg,h_wlk_lg_200_0_0,h,wlk,lg,200,0,0,-21,23,-offset_x,-offset_y,True,23,24,4,0.5,0.5,100.0
hh_human_leg,h_wlk_lg_200_0_1,h,wlk,lg,200,0,1,-16,22,-offset_x,-offset_y,True,35,25,4,0.5,0.5,100.0
hh_human_leg,h_wlk_lg_200_0_2,h,wlk,lg,200,0,2,-21,23,-offset_x,-offset_y,True,22,26,4,0.5,0.5,100.0
hh_human_leg,h_wlk_lg_200_0_3,h,wlk,lg,200,0,3,-21,22,-offset_x,-offset_y,True,21,25,4,0.5,0.5,100.0
hh_human_leg,h_wlk_lg_200_1_0,h,wlk,lg,200,1,0,-24,24,-offset_x,-offset_y,True,17,25,4,0.5,0.5,100.0
hh_human_leg,h_wlk_lg_200_1_1,h,wlk,lg,200,1,1,-15,24,-offset_x,-offset_y,True,34,26,4,0.5,0.5,100.0
hh_human_leg,h_wlk_lg_200_1_2,h,wlk,lg,200,1,2,-24,24,-offset_x,-offset_y,True,17,24,4,0.5,0.5,100.0
hh_human_leg,h_wlk_lg_200_1_3,h,wlk,lg,200,1,3,-16,24,-offset_x,-offset_y,True,34,25,4,0.5,0.5,100.0
hh_human_leg,h_wlk_lg_200_2_0,h,wlk,lg,200,2,0,-20,25,-offset_x,-offset_y,True,24,24,4,0.5,0.5,100.0
hh_human_leg,h_wlk_lg_200_2_1,h,wlk,lg,200,2,1,-22,24,-offset_x,-offset_y,True,22,27,4,0.5,0.5,100.0
hh_human_leg,h_wlk_lg_200_2_2,h,wlk,lg,200,2,2,-21,25,-offset_x,-offset_y,True,25,26,4,0.5,0.5,100.0
hh_human_leg,h_wlk_lg_200_2_3,h,wlk,lg,200,2,3,-15,24,-offset_x,-offset_y,True,36,25,4,0.5,0.5,100.0
hh_human_leg,h_wlk_lg_200_3_0,h,wlk,lg,200,3,0,-22,20,-offset_x,-offset_y,True,23,19,4,0.5,0.5,100.0
hh_human_leg,h_wlk_lg_200_3_1,h,wlk,lg,200,3,1,-22,19,-offset_x,-offset_y,True,23,21,4,0.5,0.5,100.0
hh_human_leg,h_wlk_lg_200_3_2,h,wlk,lg,200,3,2,-22,20,-offset_x,-offset_y,True,23,19,4,0.5,0.5,100.0
hh_human_leg,h_wlk_lg_200_3_3,h,wlk,lg,200,3,3,-22,19,-offset_x,-offset_y,True,23,21,4,0.5,0.5,100.0
hh_human_leg,h_wlk_lg_200_7_0,h,wlk,lg,200,7,0,-22,19,-offset_x,-offset_y,True,23,19,4,0.5,0.5,100.0
hh_human_leg,h_wlk_lg_200_7_1,h,wlk,lg,200,7,1,-22,18,-offset_x,-offset_y,True,23,20,4,0.5,0.5,100.0
hh_human_leg,h_wlk_lg_200_7_2,h,wlk,lg,200,7,2,-22,19,-offset_x,-offset_y,True,23,19,4,0.5,0.5,100.0
hh_human_leg,h_wlk_lg_200_7_3,h,wlk,lg,200,7,3,-22,18,-offset_x,-offset_y,True,23,20,4,0.5,0.5,100.0
hh_human_leg,h_sit_lg_200_0_0,h,sit,lg,200,0,0,-21,33,-offset_x,-offset_y,True,35,25,4,0.5,0.5,100.0
hh_human_leg,h_sit_lg_200_2_0,h,sit,lg,200,2,0,-21,26,-offset_x,-offset_y,True,32,22,4,0.5,0.5,100.0
hh_human_leg,h_lay_lg_200_2_0,h,lay,lg,200,2,0,-17,14,-offset_x,-offset_y,True,30,24,4,0.5,0.5,100.0
hh_human_leg,h_std_lg_7_0_0,h,std,lg,7,0,0,-21,23,-offset_x,-offset_y,True,22,21,4,0.5,0.5,100.0
hh_human_leg,h_std_lg_7_1_0,h,std,lg,7,1,0,-24,23,-offset_x,-offset_y,True,17,18,4,0.5,0.5,100.0
hh_human_leg,h_std_lg_7_2_0,h,std,lg,7,2,0,-21,25,-offset_x,-offset_y,True,24,23,4,0.5,0.5,100.0
hh_human_leg,h_std_lg_7_3_0,h,std,lg,7,3,0,-22,22,-offset_x,-offset_y,True,23,17,4,0.5,0.5,100.0
hh_human_leg,h_std_lg_7_7_0,h,std,lg,7,7,0,-22,20,-offset_x,-offset_y,True,23,16,4,0.5,0.5,100.0
hh_human_leg,h_wlk_lg_7_0_0,h,wlk,lg,7,0,0,-21,23,-offset_x,-offset_y,True,23,21,4,0.5,0.5,100.0
hh_human_leg,h_wlk_lg_7_0_1,h,wlk,lg,7,0,1,-19,23,-offset_x,-offset_y,True,29,19,4,0.5,0.5,100.0
hh_human_leg,h_wlk_lg_7_0_2,h,wlk,lg,7,0,2,-21,23,-offset_x,-offset_y,True,23,21,4,0.5,0.5,100.0
hh_human_leg,h_wlk_lg_7_0_3,h,wlk,lg,7,0,3,-22,22,-offset_x,-offset_y,True,21,21,4,0.5,0.5,100.0
hh_human_leg,h_wlk_lg_7_1_0,h,wlk,lg,7,1,0,-24,22,-offset_x,-offset_y,True,18,18,4,0.5,0.5,100.0
hh_human_leg,h_wlk_lg_7_1_1,h,wlk,lg,7,1,1,-22,22,-offset_x,-offset_y,True,24,18,4,0.5,0.5,100.0
hh_human_leg,h_wlk_lg_7_1_2,h,wlk,lg,7,1,2,-24,22,-offset_x,-offset_y,True,18,18,4,0.5,0.5,100.0
hh_human_leg,h_wlk_lg_7_1_3,h,wlk,lg,7,1,3,-21,22,-offset_x,-offset_y,True,24,18,4,0.5,0.5,100.0
hh_human_leg,h_wlk_lg_7_2_0,h,wlk,lg,7,2,0,-20,26,-offset_x,-offset_y,True,24,23,4,0.5,0.5,100.0
hh_human_leg,h_wlk_lg_7_2_1,h,wlk,lg,7,2,1,-20,25,-offset_x,-offset_y,True,24,23,4,0.5,0.5,100.0
hh_human_leg,h_wlk_lg_7_2_2,h,wlk,lg,7,2,2,-21,26,-offset_x,-offset_y,True,26,23,4,0.5,0.5,100.0
hh_human_leg,h_wlk_lg_7_2_3,h,wlk,lg,7,2,3,-18,26,-offset_x,-offset_y,True,31,22,4,0.5,0.5,100.0
hh_human_leg,h_wlk_lg_7_3_0,h,wlk,lg,7,3,0,-22,22,-offset_x,-offset_y,True,23,16,4,0.5,0.5,100.0
hh_human_leg,h_wlk_lg_7_3_1,h,wlk,lg,7,3,1,-22,20,-offset_x,-offset_y,True,23,17,4,0.5,0.5,100.0
hh_human_leg,h_wlk_lg_7_3_2,h,wlk,lg,7,3,2,-22,21,-offset_x,-offset_y,True,23,16,4,0.5,0.5,100.0
hh_human_leg,h_wlk_lg_7_3_3,h,wlk,lg,7,3,3,-22,20,-offset_x,-offset_y,True,23,17,4,0.5,0.5,100.0
hh_human_leg,h_wlk_lg_7_7_0,h,wlk,lg,7,7,0,-22,20,-offset_x,-offset_y,True,23,16,4,0.5,0.5,100.0
hh_human_leg,h_wlk_lg_7_7_1,h,wlk,lg,7,7,1,-22,19,-offset_x,-offset_y,True,23,17,4,0.5,0.5,100.0
hh_human_leg,h_wlk_lg_7_7_2,h,wlk,lg,7,7,2,-22,20,-offset_x,-offset_y,True,23,17,4,0.5,0.5,100.0
hh_human_leg,h_wlk_lg_7_7_3,h,wlk,lg,7,7,3,-22,19,-offset_x,-offset_y,True,23,17,4,0.5,0.5,100.0
hh_human_leg,h_sit_lg_7_0_0,h,sit,lg,7,0,0,-21,29,-offset_x,-offset_y,True,31,21,4,0.5,0.5,100.0
hh_human_leg,h_sit_lg_7_2_0,h,sit,lg,7,2,0,-20,23,-offset_x,-offset_y,True,32,20,4,0.5,0.5,100.0
hh_human_leg,h_lay_lg_7_2_0,h,lay,lg,7,2,0,-15,14,-offset_x,-offset_y,True,26,22,4,0.5,0.5,100.0
hh_human_leg,h_std_lg_1007_0_0,h,std,lg,1007,0,0,-22,16,-offset_x,-offset_y,True,21,14,4,0.5,0.5,100.0
hh_human_leg,h_std_lg_1007_1_0,h,std,lg,1007,1,0,-27,10,-offset_x,-offset_y,True,13,5,4,0.5,0.5,100.0
hh_human_leg,h_std_lg_1007_2_0,h,std,lg,1007,2,0,-22,16,-offset_x,-offset_y,True,21,14,4,0.5,0.5,100.0
hh_human_leg,h_std_lg_1007_3_0,h,std,lg,1007,3,0,-24,16,-offset_x,-offset_y,True,19,10,4,0.5,0.5,100.0
hh_human_leg,h_std_lg_1007_7_0,h,std,lg,1007,7,0,-22,17,-offset_x,-offset_y,True,22,13,4,0.5,0.5,100.0
hh_human_leg,h_wlk_lg_1007_0_0,h,wlk,lg,1007,0,0,-22,16,-offset_x,-offset_y,True,20,14,4,0.5,0.5,100.0
hh_human_leg,h_wlk_lg_1007_0_1,h,wlk,lg,1007,0,1,-20,16,-offset_x,-offset_y,True,27,12,4,0.5,0.5,100.0
hh_human_leg,h_wlk_lg_1007_0_2,h,wlk,lg,1007,0,2,-22,16,-offset_x,-offset_y,True,20,14,4,0.5,0.5,100.0
hh_human_leg,h_wlk_lg_1007_0_3,h,wlk,lg,1007,0,3,-23,15,-offset_x,-offset_y,True,16,14,4,0.5,0.5,100.0
hh_human_leg,h_wlk_lg_1007_1_0,h,wlk,lg,1007,1,0,-26,9,-offset_x,-offset_y,True,15,4,4,0.5,0.5,100.0
hh_human_leg,h_wlk_lg_1007_1_1,h,wlk,lg,1007,1,1,-24,11,-offset_x,-offset_y,True,21,7,4,0.5,0.5,100.0
hh_human_leg,h_wlk_lg_1007_1_2,h,wlk,lg,1007,1,2,-25,8,-offset_x,-offset_y,True,15,3,4,0.5,0.5,100.0
hh_human_leg,h_wlk_lg_1007_1_3,h,wlk,lg,1007,1,3,-22,14,-offset_x,-offset_y,True,22,9,4,0.5,0.5,100.0
hh_human_leg,h_wlk_lg_1007_2_0,h,wlk,lg,1007,2,0,-21,17,-offset_x,-offset_y,True,22,13,4,0.5,0.5,100.0
hh_human_leg,h_wlk_lg_1007_2_1,h,wlk,lg,1007,2,1,-23,15,-offset_x,-offset_y,True,19,13,4,0.5,0.5,100.0
hh_human_leg,h_wlk_lg_1007_2_2,h,wlk,lg,1007,2,2,-24,16,-offset_x,-offset_y,True,22,12,4,0.5,0.5,100.0
hh_human_leg,h_wlk_lg_1007_2_3,h,wlk,lg,1007,2,3,-19,18,-offset_x,-offset_y,True,29,14,4,0.5,0.5,100.0
hh_human_leg,h_wlk_lg_1007_3_0,h,wlk,lg,1007,3,0,-24,15,-offset_x,-offset_y,True,19,9,4,0.5,0.5,100.0
hh_human_leg,h_wlk_lg_1007_3_1,h,wlk,lg,1007,3,1,-24,11,-offset_x,-offset_y,True,19,8,4,0.5,0.5,100.0
hh_human_leg,h_wlk_lg_1007_3_2,h,wlk,lg,1007,3,2,-24,15,-offset_x,-offset_y,True,19,10,4,0.5,0.5,100.0
hh_human_leg,h_wlk_lg_1007_3_3,h,wlk,lg,1007,3,3,-24,13,-offset_x,-offset_y,True,19,10,4,0.5,0.5,100.0
hh_human_leg,h_wlk_lg_1007_7_0,h,wlk,lg,1007,7,0,-23,17,-offset_x,-offset_y,True,21,13,4,0.5,0.5,100.0
hh_human_leg,h_wlk_lg_1007_7_1,h,wlk,lg,1007,7,1,-23,16,-offset_x,-offset_y,True,21,14,4,0.5,0.5,100.0
hh_human_leg,h_wlk_lg_1007_7_2,h,wlk,lg,1007,7,2,-23,17,-offset_x,-offset_y,True,21,14,4,0.5,0.5,100.0
hh_human_leg,h_wlk_lg_1007_7_3,h,wlk,lg,1007,7,3,-23,15,-offset_x,-offset_y,True,21,13,4,0.5,0.5,100.0
hh_human_leg,h_sit_lg_1007_0_0,h,sit,lg,1007,0,0,-22,29,-offset_x,-offset_y,True,29,14,4,0.5,0.5,100.0
hh_human_leg,h_sit_lg_1007_2_0,h,sit,lg,1007,2,0,-33,22,-offset_x,-offset_y,True,15,18,4,0.5,0.5,100.0
hh_human_leg,h_lay_lg_1007_2_0,h,lay,lg,1007,2,0,-25,11,-offset_x,-offset_y,True,15,15,4,0.5,0.5,100.0
